OverallQual,GrLivArea,GarageCars,TotalBsmtSF,1stFlrSF,FullBath,YearsBeforeSold,ExterQual_TA,BsmtQual_Ex,KitchenQual_TA,GarageFinish_Unf,KitchenQual_Ex,SalePrice
7,1710,2,856,856,2,5,0,0,0,0,0,208500
6,1262,2,1262,1262,2,31,1,0,1,0,0,181500
7,1786,2,920,920,2,6,0,0,0,0,0,223500
7,1717,3,756,961,1,36,1,0,0,1,0,140000
8,2198,3,1145,1145,2,8,0,0,0,0,0,250000
5,1362,2,796,796,1,14,1,0,1,1,0,143000
8,1694,2,1686,1694,2,2,0,1,0,0,0,307000
7,2090,2,1107,1107,2,36,1,0,1,0,0,200000
7,1774,2,952,1022,2,58,1,0,1,1,0,129900
5,1077,1,991,1077,1,58,1,0,1,0,0,118000
5,1040,1,1040,1040,1,43,1,0,1,1,0,129500
9,2324,3,1175,1182,3,0,0,1,0,0,1,345000
5,912,1,912,912,1,46,1,0,1,1,0,144000
7,1494,3,1494,1494,2,0,0,0,0,0,0,279500
6,1253,1,1253,1253,1,48,1,0,1,0,0,157000
7,854,2,832,854,1,6,1,0,1,1,0,132000
6,1004,2,1004,1004,1,40,1,0,1,0,0,149000
4,1296,2,0,1296,2,39,1,0,1,1,0,90000
5,1114,2,1114,1114,1,4,1,0,0,1,0,159000
5,1339,1,1029,1339,1,44,1,0,1,1,0,139000
8,2376,3,1158,1158,3,0,0,1,0,0,0,325300
7,1108,1,637,1108,1,57,1,0,0,1,0,139400
8,1795,2,1777,1795,2,6,0,0,0,0,0,230000
5,1060,2,1040,1060,1,31,1,0,1,1,0,129900
5,1060,1,1060,1060,1,9,1,0,0,1,0,154000
8,1600,3,1566,1600,2,2,0,0,0,0,0,256300
5,900,2,900,900,1,10,1,0,0,1,0,134800
8,1704,3,1704,1704,2,2,0,1,0,0,0,306000
5,1600,1,1484,1600,1,9,1,0,1,0,0,207500
4,520,1,520,520,1,58,1,0,0,1,0,68500
4,1317,1,649,649,1,58,1,0,1,1,0,40000
5,1228,1,1228,1228,1,2,1,0,0,1,0,149350
8,1234,2,1234,1234,2,1,0,1,0,0,0,179900
5,1700,2,1398,1700,1,51,1,0,0,0,0,165500
9,1561,2,1561,1561,2,2,0,1,0,0,1,277500
8,2452,3,1117,1132,3,1,0,1,0,0,0,309000
5,1097,2,1097,1097,1,14,1,0,1,1,0,145000
5,1297,2,1297,1297,1,19,1,0,1,0,0,153000
5,1057,1,1057,1057,1,3,1,0,0,1,0,109000
4,1152,0,0,1152,2,53,1,0,0,1,0,82000
6,1324,2,1088,1324,2,41,1,0,1,0,0,160000
5,1328,1,1350,1328,1,48,1,0,1,0,0,170000
5,884,2,840,884,1,24,1,0,0,0,0,144000
5,938,1,938,938,1,28,1,0,1,1,0,130250
5,1150,1,1150,1150,1,47,1,0,1,0,0,141000
9,1752,2,1752,1752,2,5,0,1,0,0,1,319900
7,2149,2,1434,1518,1,6,0,1,0,0,0,239686
8,1656,3,1656,1656,2,1,0,0,0,0,0,249700
4,1452,0,736,736,2,1,1,0,1,1,0,113000
5,955,1,955,955,1,41,1,0,1,1,0,127000
6,1470,2,794,794,2,10,1,0,1,0,0,177000
6,1176,2,816,816,1,56,1,0,1,1,0,114500
5,816,2,816,816,1,47,0,0,1,1,0,110000
9,1842,3,1842,1842,0,19,0,1,0,0,0,385000
5,1360,2,384,1360,1,52,1,0,1,1,0,130000
6,1425,2,1425,1425,2,44,1,0,1,0,0,180500
8,1739,2,970,983,2,9,0,0,0,0,0,172500
7,1720,2,860,860,2,2,0,0,0,0,0,196500
10,2945,3,1410,1426,3,0,0,1,0,0,0,438780
5,780,1,780,780,1,36,1,0,1,1,0,124900
6,1158,2,1158,1158,1,2,1,0,0,1,0,158000
5,1111,1,530,581,1,11,1,0,0,1,0,101000
8,1370,2,1370,1370,2,1,0,0,0,0,0,202500
7,1710,2,576,902,2,60,1,0,1,1,0,140000
7,2034,2,1057,1057,2,11,1,0,0,0,0,219500
8,2473,3,1143,1143,2,2,0,1,0,0,0,317000
7,2207,2,1947,2207,2,21,1,0,1,0,0,180000
7,1479,2,1453,1479,2,4,0,0,0,0,0,226000
4,747,1,747,747,1,60,1,0,1,1,0,80000
7,2287,2,1304,1304,2,53,0,0,1,0,0,225000
7,2223,2,2223,2223,2,34,1,0,1,0,0,244000
4,845,2,845,845,1,1,1,0,1,1,0,129500
7,1718,2,832,885,2,11,1,0,1,0,0,185000
5,1086,2,1086,1086,1,7,1,0,1,1,0,144900
3,1605,1,840,840,2,60,0,0,1,1,0,107400
4,988,1,462,526,1,36,1,0,1,1,0,91000
4,952,1,952,952,1,52,1,0,1,1,0,135750
5,1285,1,672,1072,1,7,1,0,1,1,0,127000
4,1768,0,1768,1768,2,42,1,0,1,1,0,136500
5,1230,2,440,682,1,28,1,0,1,1,0,110000
6,2142,1,896,1182,2,41,1,0,0,0,0,193500
6,1337,2,1237,1337,2,8,1,1,1,0,0,153500
8,1563,3,1563,1563,2,1,1,0,0,0,0,245000
5,1065,2,1065,1065,1,47,1,0,1,1,0,126500
7,1474,2,384,804,2,13,1,0,1,0,0,168500
8,2417,2,1288,1301,2,14,0,0,0,1,0,260000
6,1560,2,684,684,2,4,0,0,0,0,0,174000
6,1224,2,612,612,2,0,0,0,0,0,0,164500
3,1526,0,1013,1013,1,27,0,0,0,1,0,85000
4,990,0,990,990,1,12,1,0,1,1,0,123600
4,1040,2,0,1040,1,56,1,0,1,1,0,109900
5,1235,2,1235,1235,1,45,1,0,1,1,0,98600
5,964,2,876,964,1,3,1,0,1,1,0,163500
6,2291,2,1214,1260,2,9,1,0,1,1,0,133900
6,1786,2,824,905,2,10,1,0,0,0,0,204750
6,1470,2,680,680,2,16,0,0,1,0,0,185000
7,1588,2,1588,1588,2,7,0,0,0,0,0,214000
4,960,1,960,960,1,42,1,0,1,0,0,94750
5,835,1,458,835,1,60,1,0,1,1,0,83000
4,1225,0,950,1225,1,51,1,0,1,1,0,128950
6,1610,2,1610,1610,2,9,1,0,0,0,0,205000
6,1732,2,741,977,2,25,0,0,0,0,0,178000
5,1535,2,0,1535,2,30,1,0,1,1,0,118964
7,1226,3,1226,1226,2,1,1,0,0,0,0,198900
7,1818,1,1040,1226,1,57,1,0,1,1,0,169500
8,1992,2,1053,1053,2,4,0,1,0,0,0,250000
4,1047,1,641,1047,1,12,1,0,1,1,0,100000
5,789,1,789,789,1,58,1,0,1,1,0,115000
5,1517,0,793,997,2,2,1,0,0,1,0,115000
6,1844,2,1844,1844,2,33,1,0,1,0,0,190000
6,1855,1,994,1216,2,34,1,0,1,1,0,136900
7,1430,2,384,774,2,10,1,0,1,0,0,180000
7,2696,3,1264,1282,2,0,0,1,0,0,1,383970
6,2259,2,1809,2259,2,54,1,0,0,1,0,217000
6,2320,1,1028,1436,2,5,1,0,0,1,0,259500
6,1458,2,729,729,2,8,1,0,1,1,0,176000
5,1092,1,1092,1092,1,47,1,0,1,1,0,139000
5,1125,2,1125,1125,1,0,1,0,1,1,0,155000
7,3222,3,1673,1699,3,20,1,0,0,1,0,320000
6,1456,2,728,728,2,0,0,0,0,0,0,163990
6,988,2,938,988,1,37,1,0,1,1,0,180000
4,1123,1,732,772,1,57,1,0,1,1,0,100000
6,1080,1,1080,1080,1,50,1,0,1,1,0,136000
6,1199,2,1199,1199,2,15,0,0,0,0,0,153900
6,1586,2,1362,1586,2,11,1,0,1,1,0,181000
6,754,0,520,520,1,24,1,0,1,1,0,84500
6,958,2,1078,958,2,31,1,0,1,0,0,128000
5,840,0,672,840,1,57,1,0,1,1,0,87000
6,1348,2,660,660,1,40,1,0,1,0,0,155000
5,1053,2,1008,1053,1,15,1,0,0,0,1,150000
7,2157,2,924,1216,2,40,1,0,0,0,0,226000
6,2054,2,992,1022,2,9,0,0,0,0,0,244000
5,1327,2,1063,1327,1,5,1,0,0,1,0,150750
8,1296,2,1267,1296,2,7,0,1,0,0,0,220000
5,1721,2,1461,1721,2,13,1,0,1,0,0,180000
7,1682,2,1304,1682,2,38,1,0,1,1,0,174000
5,1214,1,1214,1214,2,40,1,0,1,0,0,143000
7,1959,3,1907,1959,3,17,1,0,1,1,0,171000
8,1852,3,1004,1004,2,8,0,0,0,0,0,230000
6,1764,2,928,928,2,12,1,0,0,0,0,231500
4,864,0,864,864,1,39,1,0,1,1,0,115000
7,1734,2,1734,1734,2,1,0,0,0,0,0,260000
5,1385,2,910,910,2,58,1,0,1,1,0,166000
7,1501,2,1490,1501,2,10,0,0,0,0,0,204000
5,1728,2,1728,1728,2,43,1,0,1,1,0,125000
6,1709,2,970,970,2,0,0,0,0,1,0,130000
5,875,1,715,875,1,16,1,0,1,1,0,105000
7,2035,2,884,884,2,9,0,0,0,0,0,222500
7,1080,0,1080,1080,1,3,1,0,0,1,0,141000
5,1344,1,896,896,1,56,1,0,1,1,0,115000
5,969,2,969,969,1,32,1,0,1,1,0,122000
8,1710,3,1710,1710,2,0,0,1,0,0,0,372402
6,1993,2,825,1097,2,35,1,0,1,0,0,190000
6,1252,2,1602,1252,1,33,1,0,1,0,0,235000
6,1200,1,1200,1200,1,56,1,0,1,1,0,125000
6,1096,0,572,572,1,58,1,0,1,1,0,79000
5,1040,2,0,1040,1,56,1,0,1,1,0,109500
8,1968,3,774,774,2,0,0,1,0,0,1,269500
7,1947,2,991,991,2,5,0,0,0,0,0,254900
7,2462,2,1392,1392,2,0,0,0,0,0,0,320000
6,1232,2,1232,1232,2,24,1,0,1,1,0,162500
9,2668,3,1572,1572,2,4,0,1,0,0,1,412500
7,1541,2,1541,1541,2,5,0,0,0,0,0,220000
4,882,0,882,882,1,51,1,0,1,1,0,103200
6,1616,1,1149,1149,2,3,1,0,0,1,0,152000
5,1355,0,644,808,2,9,1,0,1,1,0,127500
5,1867,1,1617,1867,1,16,0,0,1,0,0,190000
8,2161,3,1582,1610,1,0,0,1,0,0,1,325624
7,1720,2,840,840,2,3,0,0,0,0,0,183500
8,1707,2,1686,1707,2,25,0,0,1,0,0,228000
5,1382,2,720,854,1,57,1,0,1,1,0,128500
6,1656,2,1080,1656,1,50,1,0,1,0,0,215000
7,1767,2,1064,1064,2,19,0,0,0,0,0,239000
6,1362,2,1362,1362,1,47,1,0,1,1,0,163000
6,1651,2,1606,1651,2,22,1,0,1,0,0,184000
6,2158,2,1202,2158,2,6,1,0,0,1,0,243000
6,2060,2,1151,1164,2,18,0,0,1,1,0,211000
5,1920,2,1052,1252,2,48,0,0,0,1,0,172500
9,2234,3,2216,2234,2,0,0,1,0,0,1,501837
5,968,2,968,968,1,1,0,0,1,1,0,100000
6,1525,2,756,769,2,7,0,0,0,1,0,177000
7,1802,1,793,901,1,56,1,0,1,1,0,200100
5,1340,1,0,1340,1,1,1,0,1,0,0,120000
7,2082,2,1362,1362,2,5,1,0,0,1,0,200000
5,1252,2,504,936,1,15,1,0,1,1,0,127000
10,3608,3,1107,1518,2,13,0,0,0,1,1,475000
7,1217,2,1188,1217,2,18,1,0,0,1,0,173000
5,1656,1,660,808,2,22,1,0,1,1,0,135000
5,1224,2,1086,1224,0,30,1,0,1,1,0,153337
8,1593,2,1593,1593,1,6,0,1,0,0,1,286000
8,2727,2,853,1549,2,13,0,0,0,1,0,315000
7,1479,2,725,725,1,3,1,0,0,0,0,184000
7,1431,2,1431,1431,2,10,0,0,0,0,0,192000
7,1709,2,970,970,2,2,0,0,0,1,0,130000
5,864,1,864,864,1,36,1,0,1,1,0,127000
6,1456,2,855,855,2,33,1,0,1,1,0,148500
7,1726,3,1726,1726,2,0,0,1,0,0,1,311872
8,3112,2,1360,1360,2,16,0,0,0,1,0,235000
6,2229,0,755,929,1,59,1,0,1,1,0,104000
8,1713,3,1713,1713,2,4,0,1,0,0,1,274900
4,1121,2,1121,1121,2,6,1,0,1,0,0,140000
6,1279,2,1196,1279,2,31,1,0,1,1,0,171500
6,1310,1,617,865,2,56,1,0,1,1,0,112000
6,848,2,848,848,1,4,0,0,0,0,0,149000
5,1284,1,720,720,1,59,1,0,1,1,0,110000
7,1442,2,1424,1442,2,19,1,0,1,0,0,180500
5,1696,1,1140,1696,1,45,1,0,1,0,0,143900
4,1100,1,1100,1100,1,48,1,0,1,0,0,141000
7,2062,2,1157,1180,2,18,0,0,1,0,0,277000
6,1092,2,1092,1092,1,44,1,0,1,0,0,145000
5,864,0,864,864,1,58,1,0,1,1,0,98000
6,1212,2,1212,1212,2,1,1,0,0,0,0,186000
7,1852,2,900,932,2,0,1,0,0,0,0,252678
5,990,2,990,990,1,11,1,0,1,1,0,156000
6,1392,1,689,689,1,33,1,0,1,0,0,161750
5,1236,1,1070,1236,1,10,1,0,0,1,0,134450
7,1436,2,1436,1436,2,4,0,0,0,1,0,210000
4,1328,1,686,810,1,56,1,0,1,1,0,107000
7,1954,2,798,1137,1,2,0,0,0,1,0,311500
7,1248,2,1248,1248,2,0,0,0,0,0,0,167240
7,1498,2,1498,1498,2,0,0,0,0,0,0,204900
6,2267,2,1010,1010,2,7,0,0,0,0,0,200000
6,1552,2,713,811,2,31,1,0,1,0,0,179900
4,864,2,864,864,1,38,1,0,1,1,0,97000
10,2392,3,2392,2392,2,6,0,1,0,0,1,386250
5,1302,1,630,630,2,38,1,0,1,1,0,112000
7,2520,3,1203,1214,2,12,0,0,0,0,0,290000
6,987,1,483,483,1,38,1,0,1,1,0,106000
5,912,1,912,912,1,43,1,0,1,1,0,125000
7,1555,2,1373,1555,2,3,0,0,0,0,0,192500
6,1194,1,1194,1194,1,51,1,0,1,0,0,148000
8,2794,3,1462,1490,2,13,0,0,0,0,1,403000
6,987,1,483,483,1,34,1,0,1,1,0,94500
5,894,1,894,894,1,34,1,0,1,1,0,128200
6,1960,2,860,860,2,8,0,0,0,0,0,216500
6,987,1,483,483,1,37,1,0,1,1,0,89500
7,1414,2,1414,1414,2,6,0,0,0,0,0,185500
7,1744,2,996,1014,2,7,0,0,0,0,0,194500
8,1694,3,1694,1694,2,0,0,1,0,0,0,318000
6,1487,1,735,798,1,60,1,0,1,1,0,113000
8,1566,2,1566,1566,2,2,0,0,0,0,0,262500
5,866,0,686,866,1,10,1,0,0,1,0,110500
5,1440,1,540,889,1,56,1,0,1,1,0,79000
6,1217,1,626,626,1,29,1,0,1,0,0,120000
7,2110,2,948,1222,2,8,0,0,0,0,0,205000
7,1872,2,1845,1872,2,18,1,0,1,0,0,241500
6,1928,1,1020,908,2,56,1,0,0,1,0,137000
6,1375,2,1367,1375,1,52,1,0,1,1,0,140000
7,1668,2,840,840,2,4,0,0,0,0,0,180000
6,2144,2,1444,1444,2,1,0,0,0,0,0,277000
3,1306,0,728,1306,1,44,1,0,0,1,0,76500
8,1625,2,1573,1625,2,0,0,0,0,0,0,235000
6,1640,2,798,798,2,4,0,0,0,0,0,173000
6,1302,1,1302,1302,2,16,1,0,0,0,0,158000
5,1314,1,1314,1314,1,53,1,0,1,0,0,145000
7,2291,2,975,1005,2,7,0,0,0,0,0,230000
6,1728,2,864,864,2,5,0,0,0,0,0,207500
7,1604,2,1604,1604,2,3,0,0,0,0,0,220000
7,1792,2,963,963,2,7,0,0,0,0,0,231500
5,882,1,0,882,1,52,1,0,1,1,0,97000
6,1382,2,1362,1382,1,47,1,0,1,1,0,176000
8,2574,3,1482,1482,2,0,0,1,0,0,1,276000
6,1212,2,506,1212,1,11,1,0,1,1,0,151000
5,1316,2,926,926,1,9,1,0,1,1,0,130000
5,764,2,680,764,1,4,1,0,1,1,0,73000
6,1422,2,1422,1422,2,27,1,0,0,0,0,175500
6,1511,2,802,802,2,9,1,0,1,0,0,185000
5,2192,1,720,1052,2,11,1,0,0,1,0,179500
5,778,1,740,778,1,53,1,0,1,0,0,120500
6,1113,1,1143,1113,1,31,1,0,1,0,0,148000
8,1939,3,1095,1095,2,0,0,0,0,0,0,266000
7,1363,2,1385,1363,1,3,1,0,1,1,0,241500
8,2270,3,1152,1164,2,3,0,0,0,0,0,290000
6,1632,1,1240,1632,2,21,1,0,1,0,0,139000
5,816,1,816,816,1,25,1,0,1,1,0,124500
7,1548,2,952,952,2,2,0,0,0,1,1,205000
7,1560,2,1560,1560,2,7,0,1,0,0,0,201000
4,864,2,864,864,1,59,1,0,1,1,0,141000
9,2121,3,2121,2121,2,0,0,1,0,0,1,415298
7,2022,2,1160,1156,2,31,1,0,1,0,0,192000
7,1982,2,807,1175,2,18,0,0,0,0,0,228500
6,1262,2,1262,1262,2,0,0,0,0,0,0,185000
7,1314,2,1314,1314,2,1,0,0,0,0,0,207500
8,1468,3,1468,1468,2,0,0,0,0,0,0,244600
6,1575,2,1575,1575,2,15,0,0,0,0,0,179200
7,1250,2,625,625,2,0,0,0,0,0,0,164700
6,1734,2,912,1085,1,25,1,0,0,0,0,159000
4,858,0,858,858,1,35,1,0,1,1,0,88000
5,900,1,882,900,1,43,1,0,1,1,0,122000
6,1396,1,698,698,1,4,1,0,1,1,0,153575
8,1919,2,1079,1079,2,0,0,0,0,0,0,233230
5,1716,0,780,936,2,8,1,0,0,1,0,135900
5,1716,1,768,1148,1,1,1,0,1,1,0,131000
7,2263,2,795,1468,2,12,1,0,0,0,0,235000
6,1644,2,1416,1644,1,56,1,0,1,0,0,167000
6,1003,2,1003,1003,1,22,1,0,1,1,0,142500
5,1558,1,910,910,1,57,1,0,1,1,0,152000
7,1950,2,975,975,2,9,0,0,0,0,0,239000
6,1743,2,702,1041,1,39,0,0,1,1,0,175000
6,1152,1,1092,1152,1,5,1,0,0,1,0,158500
5,1336,1,1165,1336,1,53,1,0,1,1,0,157000
8,2452,2,1028,1210,2,8,0,0,0,0,0,267000
7,1541,3,1541,1541,2,4,0,0,0,0,0,205000
5,894,2,894,894,1,34,1,0,1,1,0,149900
7,3493,3,1470,1675,3,6,1,0,0,1,0,295000
8,2000,3,2000,2000,2,2,0,0,0,0,0,305900
7,2243,3,700,1122,2,16,0,0,0,0,0,225000
6,1406,0,319,1035,1,58,1,0,0,1,0,89500
4,861,2,861,861,1,59,1,0,1,1,0,82500
9,1944,3,1896,1944,2,2,0,1,0,0,1,360000
6,1501,2,697,697,2,12,1,0,0,0,0,165600
6,972,1,972,972,1,7,1,0,1,1,0,132000
5,1118,2,793,793,1,56,1,0,1,1,0,119900
7,2036,2,2136,2036,2,44,1,0,1,0,0,375000
7,1641,2,728,832,1,16,1,0,0,1,1,178000
7,1432,2,716,716,2,4,0,0,0,0,0,188500
7,2353,2,845,1153,2,29,0,0,0,0,1,260000
8,1959,3,1088,1088,2,1,0,0,0,0,0,270000
7,2646,3,1347,1372,2,16,0,0,0,0,0,260000
7,1472,2,1372,1472,2,29,1,0,1,1,0,187500
9,2596,3,1249,1249,3,0,1,1,0,0,0,342643
8,2468,3,1136,1136,2,3,0,1,0,0,0,354000
7,2730,2,1502,1553,2,20,0,0,0,0,0,301000
3,1163,1,1162,1163,1,1,1,0,1,1,0,126175
7,2978,2,710,1898,2,3,0,0,0,0,0,242000
5,803,2,720,803,1,57,1,0,1,1,0,87000
8,1719,2,1719,1719,1,15,0,0,0,0,0,324000
6,1383,1,1383,1383,1,46,1,0,1,0,0,145250
6,2134,2,844,1445,2,15,1,0,0,1,0,214500
5,1192,1,596,596,1,59,1,0,1,1,0,78000
5,1728,1,1728,1728,2,43,1,0,1,1,0,119000
5,1056,1,1056,1056,1,15,1,0,1,0,0,139000
8,1629,3,3206,1629,2,5,0,0,0,0,0,284000
7,1358,2,1358,1358,2,4,0,0,0,0,0,207000
6,1638,2,943,943,2,10,1,0,1,0,0,192000
5,1786,2,1499,1619,2,43,1,0,1,0,0,228950
9,1922,3,1922,1922,2,1,0,1,0,0,0,377426
7,1536,2,1536,1536,2,5,0,0,0,0,0,214000
7,1621,2,1208,1621,2,8,0,0,0,0,0,202500
6,1215,1,1215,1215,1,11,1,0,1,1,0,155000
8,1908,2,967,993,2,8,0,0,0,0,0,202900
4,841,1,721,841,1,59,0,0,1,1,0,82000
3,1040,2,0,1040,2,56,1,0,1,1,0,87500
9,1684,2,1684,1684,2,3,0,1,0,0,1,266000
5,1112,1,536,536,1,34,1,0,1,1,0,85000
6,1577,1,972,972,1,56,1,0,0,1,0,140200
6,958,1,958,958,1,9,1,0,1,0,0,151500
6,1478,2,1478,1478,2,49,1,0,1,1,0,157500
7,1626,2,764,764,2,4,0,0,0,0,0,154000
9,2728,3,1848,1848,2,0,0,1,0,0,1,437154
9,1869,2,1869,1869,2,0,0,1,0,0,1,318061
7,1453,2,1453,1453,1,20,1,0,0,0,0,190000
5,1111,1,616,616,1,58,1,0,1,1,0,95000
6,720,2,624,720,1,7,1,0,1,1,0,105900
6,1595,1,940,1192,1,6,1,0,1,1,0,140000
6,1200,2,1200,1200,2,12,0,0,0,0,0,177500
6,1167,2,1158,1167,2,17,1,0,0,0,0,173000
5,1142,2,1142,1142,1,31,1,0,1,0,0,134000
5,1352,1,1062,1352,1,48,1,0,0,1,0,130000
8,1924,2,1086,1086,2,8,0,0,0,0,0,280000
6,912,2,888,912,1,29,1,0,1,0,0,156000
5,1505,1,883,988,1,26,1,0,1,1,0,145000
7,1922,2,0,495,3,6,0,0,0,0,0,198500
6,987,1,483,483,1,2,1,0,0,1,0,118000
6,1574,2,796,790,2,30,1,0,1,0,0,190000
5,1344,1,672,672,1,12,1,0,1,1,0,147000
6,1394,2,1394,1394,1,46,1,0,1,0,0,159000
6,1431,1,1099,1431,1,46,1,0,1,0,0,165000
5,1268,1,1268,1268,1,56,1,0,1,0,0,132000
5,1287,2,1063,1287,1,4,1,0,0,0,0,162000
6,1664,2,953,953,2,6,1,0,1,0,0,172400
4,1588,2,0,1120,2,49,1,0,1,0,0,134432
6,752,1,744,752,1,26,1,0,1,1,0,125000
5,1319,1,608,1319,1,56,1,0,1,1,0,123000
7,1928,2,847,847,2,3,0,0,0,0,0,219500
1,904,0,683,904,0,59,0,0,0,1,0,61000
5,914,2,870,914,1,10,0,0,1,1,0,148000
8,2466,2,1580,1580,3,2,0,0,0,0,0,340000
9,1856,3,1856,1856,1,0,0,1,0,0,1,394432
6,1800,2,982,1007,2,9,1,0,1,0,0,179000
5,1691,1,1026,1026,2,60,1,0,0,1,0,127000
7,1301,2,1293,1301,2,0,0,0,0,0,0,187750
7,1797,2,939,939,2,1,0,0,0,0,0,213500
6,784,2,784,784,1,59,1,0,1,1,0,76000
6,1953,2,1580,1079,2,15,0,0,0,0,0,240000
8,1269,2,1256,1269,2,5,0,0,0,0,0,192000
5,1184,0,658,658,1,10,1,0,1,1,0,81000
6,1125,1,1041,1125,1,33,1,0,1,1,0,125000
7,1479,2,1468,1479,2,8,0,0,0,0,0,191000
10,2332,3,1682,1742,2,0,0,1,0,0,1,426000
5,1367,1,861,961,1,58,1,0,1,1,0,119000
6,1961,2,804,804,2,7,1,1,0,0,0,215000
5,882,1,0,882,1,48,1,0,1,0,0,106500
4,788,0,788,788,1,56,1,0,1,1,0,100000
5,1034,1,735,735,1,57,1,0,1,1,0,109000
5,1144,1,1144,1144,1,54,1,0,1,1,0,129000
5,894,2,894,894,1,37,1,0,1,0,0,123000
5,1812,1,864,876,2,45,1,0,1,0,0,169500
5,1077,1,961,1077,1,57,1,0,1,1,0,67000
7,1550,2,1092,1112,2,2,0,0,0,0,0,241000
8,1288,2,1260,1288,1,12,0,0,0,0,1,245500
7,1310,2,1310,1310,2,1,0,0,0,0,0,164990
5,672,1,672,672,1,11,1,0,1,1,0,108000
8,2263,2,1141,1165,2,8,0,0,0,0,0,258000
6,1572,2,806,806,2,11,1,0,1,0,0,168000
4,1620,2,1281,1620,2,16,1,0,1,1,0,150000
6,1639,1,1064,1166,1,58,1,0,1,1,0,115000
6,1680,1,840,840,2,32,1,0,1,1,0,177000
7,2172,3,1063,1071,2,1,0,1,0,0,0,280000
8,2078,3,1034,1050,2,0,0,1,0,0,1,339750
5,1276,1,1276,1276,1,51,1,0,1,1,0,60000
5,1056,2,1056,1056,1,51,1,0,1,0,0,145000
7,1478,2,1470,1478,2,1,0,1,0,0,0,222000
5,1028,2,1008,1028,1,60,1,0,1,1,0,115000
7,2097,3,1080,1080,2,15,0,0,0,1,0,228000
7,1340,2,1340,1340,2,0,0,0,0,0,0,181134
6,1400,2,672,672,1,28,1,0,1,0,0,149500
6,2624,3,1370,1370,2,57,1,0,1,1,0,239000
5,1134,1,756,756,1,57,1,0,1,1,0,126000
5,1056,1,1056,1056,1,42,1,0,1,1,0,142000
7,1344,4,1344,1344,2,10,1,0,1,0,0,206300
6,1602,2,1602,1602,2,9,0,0,0,0,0,215000
5,988,2,988,988,1,54,1,0,1,0,0,113000
8,2630,3,1470,1470,2,10,0,0,0,0,0,315000
6,1196,1,1196,1196,1,52,1,0,1,0,0,139000
7,1389,1,651,707,1,17,1,0,1,1,0,135000
7,1644,2,1518,1644,2,20,0,0,0,0,0,275000
4,907,1,907,907,1,51,1,0,1,1,0,109008
7,1208,2,1208,1208,2,0,0,0,0,0,0,195400
6,1412,2,1392,1412,2,21,1,0,0,1,0,175000
6,987,1,483,483,1,37,1,0,1,1,0,85400
6,1198,0,901,1088,1,10,1,0,1,1,0,79900
5,1365,2,765,765,1,36,1,0,1,1,0,122500
6,1604,2,926,926,2,10,1,0,1,0,0,181000
4,630,0,630,630,1,36,1,0,1,1,0,81000
7,1661,2,799,827,2,13,0,0,0,0,0,212000
6,1118,2,648,734,1,56,1,0,1,1,0,116000
6,904,1,884,904,1,5,0,0,1,1,0,119000
5,694,1,440,694,1,5,1,0,0,1,0,90350
6,1196,2,684,684,1,9,1,0,0,1,0,110000
10,2402,3,3094,2402,2,1,0,1,0,0,1,555000
4,1440,0,1440,1440,2,53,1,0,0,1,0,118000
5,1573,2,1078,1128,2,16,1,0,1,1,0,162900
7,1258,3,1258,1258,2,0,0,1,0,0,0,172500
7,1908,2,915,933,2,13,0,0,0,1,0,210000
6,1689,2,1436,1689,1,53,1,0,1,1,0,127500
6,1888,2,1517,1888,2,8,0,0,0,0,0,190000
7,1886,2,930,956,2,7,0,0,0,0,0,199900
6,1376,1,780,780,2,56,1,0,1,1,0,119500
3,1183,1,649,679,1,5,1,0,1,1,0,120000
6,813,1,813,813,1,1,1,0,0,1,0,110000
7,1533,2,1533,1533,2,31,1,0,0,1,0,280000
6,1756,2,872,888,2,10,0,1,1,0,0,204000
8,1590,2,768,786,2,1,0,0,0,0,0,210000
5,1728,2,1728,1728,2,30,1,0,1,1,0,188000
7,1242,2,1242,1242,1,34,1,0,1,1,0,175500
5,1344,3,624,624,1,58,1,0,1,1,0,98000
4,1663,2,1364,1663,1,14,1,0,0,0,0,256000
8,1666,1,588,833,1,12,1,0,0,1,0,161000
5,1203,1,709,979,1,59,1,0,0,1,0,110000
8,1935,2,832,832,2,0,0,0,1,0,0,263435
7,1135,2,560,575,1,2,0,0,0,0,0,155000
5,864,1,864,864,1,44,1,0,1,1,0,62383
6,1660,1,715,849,1,13,1,0,1,1,0,188700
5,1040,0,1040,1040,2,31,1,0,1,1,0,124000
7,1414,2,1375,1414,2,2,0,0,0,0,0,178740
7,1277,2,1277,1277,1,37,1,0,1,1,0,167000
5,1644,1,728,888,1,12,1,0,0,1,0,146500
8,1634,3,1626,1634,2,1,0,0,0,0,0,250000
6,1710,2,832,832,2,15,0,0,0,0,0,187000
8,1502,2,1488,1502,1,25,0,0,0,0,0,212000
7,1969,2,808,1161,2,30,1,0,1,0,0,190000
6,1072,2,547,1072,1,3,1,0,1,0,0,148000
8,1976,3,1976,1976,2,0,0,1,0,0,0,440000
8,1652,2,1494,1652,2,7,0,0,0,0,1,251000
5,970,2,970,970,1,44,1,0,1,1,0,132500
6,1493,2,1478,1493,2,10,1,0,0,0,0,208900
9,2643,3,2153,2069,2,1,0,0,0,0,1,380000
8,1718,3,1705,1718,2,1,0,1,0,0,0,297000
4,1131,2,907,1131,1,7,1,0,1,1,0,89471
9,1850,3,1833,1850,2,1,0,1,0,0,0,326000
9,1792,3,1792,1792,2,2,0,1,0,0,1,374000
7,1826,1,910,916,1,4,0,0,0,1,1,155000
6,1216,2,1216,1216,2,8,1,1,1,1,0,164000
5,999,1,999,999,1,6,1,0,0,1,0,132500
5,1113,1,1113,1113,1,2,0,0,0,1,0,147000
5,1073,2,1073,1073,1,42,1,0,1,0,0,156000
5,1484,2,1484,1484,2,36,1,0,1,1,0,175000
5,2414,2,954,1766,2,36,1,0,1,1,0,160000
4,630,1,630,630,1,7,1,0,0,1,0,86000
5,1304,1,264,616,1,32,1,0,1,0,0,115000
6,1578,1,806,958,1,56,1,0,0,1,0,133000
6,1456,2,728,728,2,0,0,0,1,0,0,172785
5,1269,1,1269,1269,1,48,1,0,1,1,0,155000
5,886,1,190,886,1,13,1,0,1,1,0,91300
4,720,0,720,720,1,59,1,0,1,1,0,34900
8,3228,2,3200,3228,3,14,0,0,0,0,0,430000
7,1820,1,1026,1133,2,58,1,0,1,1,0,184000
5,899,1,864,899,1,5,1,0,0,0,0,130000
5,912,1,912,912,1,22,1,0,1,0,0,120000
6,1218,1,672,672,1,34,1,0,1,1,0,113000
7,1768,2,866,866,2,3,0,0,0,0,0,226700
5,1214,2,1214,1214,1,42,1,0,1,1,0,140000
7,1801,2,1501,1801,2,13,1,0,1,0,0,289000
6,1322,2,855,855,2,35,1,0,1,1,0,147000
5,1960,2,960,960,2,57,1,0,1,1,0,124500
8,1911,2,777,1065,2,12,0,0,0,0,0,215000
6,1218,2,1218,1218,2,0,0,0,0,0,0,208300
7,1378,2,689,689,2,3,1,0,0,1,0,161000
5,1041,1,1041,1041,1,50,1,0,1,0,0,124500
5,1363,1,1008,1363,1,9,0,0,1,1,0,164900
7,1368,2,1368,1368,2,0,0,0,0,0,0,202665
5,864,2,864,864,1,48,1,0,1,1,0,129900
6,1080,2,1084,1080,1,24,1,0,1,1,0,134000
5,789,1,768,789,1,57,1,0,1,1,0,96500
10,2020,3,2006,2020,2,0,0,1,0,0,1,402861
6,2119,2,689,1378,2,37,1,0,1,0,0,158000
7,2344,3,1264,1277,2,12,0,0,0,0,0,265000
6,1796,2,794,882,2,9,1,0,1,0,0,211000
7,2080,1,1276,1276,1,5,0,0,0,1,0,234000
4,1294,0,0,694,2,8,1,0,1,1,0,106250
6,1244,1,1244,1244,1,50,1,0,1,1,0,150000
6,1664,2,1004,1004,2,56,1,0,1,1,0,159000
10,4676,3,3138,3138,3,-1,0,1,0,0,1,184750
7,2398,3,1379,1383,2,10,0,0,0,0,0,315750
7,1266,2,1257,1266,2,1,0,0,0,1,0,176000
5,928,1,928,928,1,7,1,0,1,1,0,132000
9,2713,3,1452,1476,2,0,0,1,0,0,1,446261
4,605,0,528,605,1,5,1,0,1,1,0,86000
6,2515,2,2035,2515,3,32,0,0,1,0,0,200624
6,1509,2,1461,1509,2,19,0,0,0,0,0,175000
6,1362,2,611,751,2,9,1,0,1,0,0,128000
5,827,1,0,827,1,3,1,0,1,1,0,107500
1,334,0,0,334,1,57,0,0,0,1,0,39300
8,1414,2,707,707,2,2,0,1,0,0,0,178000
5,1347,0,1117,820,1,17,1,0,1,1,0,107500
7,1724,2,880,880,2,9,1,0,0,0,0,188000
4,864,2,864,864,1,36,1,0,1,1,0,111250
5,1159,1,1051,1159,1,38,1,0,1,1,0,158000
8,1601,2,1581,1601,2,8,0,0,0,0,0,272000
9,1838,3,1838,1838,2,3,0,1,0,0,1,315000
8,2285,3,969,997,2,7,0,0,0,0,0,248000
7,1680,2,1650,1680,2,10,0,1,0,0,0,213250
7,767,1,723,767,1,9,1,0,1,0,0,133000
7,1496,2,654,664,2,0,0,0,0,0,0,179665
7,2183,3,1204,1377,2,18,0,0,0,1,0,229000
6,1635,2,1065,915,1,57,1,0,1,1,0,210000
5,768,2,768,768,1,37,1,0,1,1,0,129500
5,825,2,825,825,1,13,1,0,1,0,0,125000
7,2094,2,912,912,2,5,0,0,0,0,0,263000
6,1069,2,1069,1069,2,31,1,0,1,0,0,140000
5,928,1,928,928,1,51,1,0,1,0,0,112500
8,1717,3,1709,1717,2,3,0,1,0,0,0,255500
4,1126,2,0,1126,2,6,1,0,0,0,0,108000
7,2046,3,998,1006,2,4,0,0,0,0,0,284000
5,1048,1,993,1048,1,56,1,0,1,1,0,113000
5,1092,1,1092,1092,1,49,1,0,1,0,0,141000
4,1336,1,637,897,1,56,1,0,1,1,0,108000
7,1446,2,729,729,2,11,1,0,1,1,0,175000
7,1557,2,1374,1557,2,2,0,0,0,0,0,234000
5,1392,2,1392,1392,1,14,1,0,1,1,0,121500
5,1389,2,1389,1389,1,31,1,0,1,0,0,170000
5,996,0,996,996,1,39,1,0,1,1,0,108000
6,1674,2,1163,1163,2,58,1,0,1,0,0,185000
7,2295,2,1095,1166,2,6,0,0,0,0,0,268000
6,1647,1,806,841,1,60,1,0,0,1,0,128000
9,2504,3,1122,1134,2,1,0,0,0,0,1,325000
7,1535,2,1517,1535,2,6,0,0,0,0,0,214000
8,2132,2,1496,1496,1,0,0,0,0,0,0,316600
5,943,2,943,943,1,27,1,0,1,1,0,135960
5,1728,2,1728,1728,2,43,1,0,1,1,0,142600
6,864,1,864,864,1,47,1,0,0,1,0,120000
7,1692,2,846,846,2,0,1,1,0,0,0,224500
7,1430,2,384,774,2,7,1,0,1,0,0,170000
5,1109,1,372,576,1,2,1,0,1,1,0,139000
5,1216,1,832,832,1,58,1,0,1,1,0,118500
7,1477,1,861,877,2,59,1,0,1,1,0,145000
5,1320,2,1164,1320,1,40,1,0,1,0,0,164500
7,1392,2,689,703,2,1,0,0,0,1,0,146000
5,1795,1,1050,1050,2,54,1,0,1,1,0,131500
6,1429,2,1144,1429,1,20,1,0,0,1,0,181900
8,2042,3,2042,2042,2,0,0,1,0,0,1,253293
6,816,0,816,816,1,17,1,0,1,1,0,118500
10,2775,2,1237,1521,3,8,0,0,0,1,0,325000
4,1573,1,884,989,1,14,1,0,0,1,0,133000
8,2028,3,1868,2028,2,0,0,1,0,0,0,369900
6,838,1,816,838,1,8,1,0,0,0,0,130000
5,860,2,840,860,1,27,1,0,1,1,0,137000
5,1473,1,1437,1473,1,6,1,0,0,1,1,143000
5,935,1,742,779,1,48,1,0,1,1,0,79500
7,1582,2,770,770,2,4,0,0,0,0,0,185900
10,2296,3,1722,1728,2,1,0,1,0,0,1,451950
5,816,2,816,816,1,5,1,0,1,0,0,138000
6,848,2,848,848,1,6,0,0,0,0,0,140000
5,924,1,924,924,1,33,1,0,1,1,0,110000
8,1826,3,1814,1826,2,0,0,0,0,0,0,319000
6,1368,1,684,684,1,13,1,0,1,1,0,114504
7,1402,3,1258,1402,0,0,0,1,0,0,0,194201
5,1647,2,1430,1647,2,29,1,0,0,0,0,217500
6,1556,2,716,716,2,28,1,0,1,0,0,151000
8,1904,2,1058,1058,2,1,0,0,0,0,1,275000
6,1375,1,780,780,1,57,1,0,0,1,0,141000
8,1915,2,908,927,2,14,0,0,0,0,0,220000
7,1200,2,600,600,2,5,0,0,0,0,0,151000
7,1494,2,1494,1494,2,6,0,0,0,0,0,221000
7,1986,2,768,1186,2,19,1,0,1,1,0,205000
5,1040,2,1040,1040,1,13,1,0,0,1,0,152000
5,2008,1,896,1112,3,4,1,0,0,1,1,225000
8,3194,2,965,1940,2,9,1,0,1,1,0,359100
4,1029,1,1029,1029,1,46,1,0,1,1,0,118500
9,2153,3,1440,1476,2,9,0,1,0,0,1,313000
6,1032,2,1032,1032,2,29,1,0,1,1,0,148000
8,1872,2,1299,1299,2,8,0,0,0,0,1,261500
5,1120,0,1120,1120,1,0,1,0,1,1,0,147000
4,630,0,630,630,1,38,1,0,1,1,0,75500
6,1054,2,936,1054,1,47,1,0,0,0,0,137500
6,1509,2,783,807,2,3,0,0,0,0,0,183200
6,832,2,832,832,1,54,1,0,0,1,0,105500
9,1828,3,1822,1828,2,0,0,1,0,1,0,314813
8,2262,3,1482,1482,2,5,0,0,0,0,0,305000
3,864,0,864,864,1,58,1,0,1,1,0,67000
6,2614,2,1522,1548,2,11,1,0,1,0,0,240000
5,980,2,980,980,1,32,1,0,1,1,0,135000
6,1512,2,756,756,2,7,0,0,0,1,0,168500
6,1790,2,732,1012,1,34,1,0,1,0,0,165150
6,1116,2,1116,1116,1,48,1,0,1,1,0,160000
5,1422,1,978,1422,1,29,1,0,1,0,0,139900
6,1520,1,1156,1520,1,38,1,0,1,0,0,153000
5,2080,2,1040,1040,1,38,1,0,0,1,0,135000
6,1350,2,1248,1350,1,44,1,0,1,0,0,168500
5,1750,1,636,1089,1,15,1,0,0,1,1,124000
8,1554,2,1554,1554,2,1,0,0,0,0,0,209500
7,1411,2,1386,1411,2,32,1,0,1,0,0,82500
5,1056,1,1056,1056,1,2,1,0,1,1,0,139400
6,1056,2,1056,1056,0,30,1,0,1,1,0,144000
6,3395,0,1440,1440,2,12,0,0,0,1,0,200000
2,800,0,264,800,1,59,0,0,0,1,0,60000
5,1387,1,811,811,2,55,1,0,0,1,0,93000
5,796,0,796,796,1,58,1,0,1,1,0,85000
8,1567,3,1520,1567,2,0,0,0,0,0,1,264561
8,1518,2,1518,1518,1,4,0,1,0,0,1,274000
7,1929,2,1057,1057,2,6,0,0,0,0,0,226000
8,2704,2,1952,2000,2,14,0,0,0,0,1,345000
5,1620,2,780,780,2,38,1,0,1,0,0,152000
9,1766,3,1766,1766,2,0,0,1,0,0,1,370878
6,981,2,981,981,1,36,1,0,1,1,0,143250
5,1048,2,0,1048,1,58,1,0,1,1,0,98300
6,1094,2,1094,1094,1,55,1,0,1,0,0,155000
6,1839,2,756,1051,1,44,1,0,1,1,0,155000
4,630,0,630,630,1,37,1,0,1,1,0,84500
7,1665,2,813,822,2,1,0,0,0,0,0,205950
4,1510,1,755,755,1,59,1,0,1,1,0,108000
7,1716,2,880,909,2,13,0,0,0,0,0,191000
6,1469,1,756,756,1,13,1,0,1,1,0,135000
8,2113,3,2109,2113,2,13,0,0,0,0,0,350000
6,1092,1,525,525,1,39,1,0,1,1,0,88000
5,1053,1,1053,1053,1,2,0,0,0,0,0,145500
7,1502,1,776,851,1,8,1,0,1,0,0,149000
6,1458,1,912,912,1,60,1,0,1,1,0,97500
5,1486,2,1486,1486,1,10,1,0,1,0,0,167000
7,1935,2,793,1142,2,31,1,0,1,0,0,197900
8,2448,3,1629,1686,2,4,0,0,0,0,0,402000
6,1392,2,1392,1392,1,41,1,0,1,0,0,110000
4,1181,2,1138,1181,2,36,1,0,1,0,0,137500
8,2097,3,2077,2097,1,0,0,1,0,0,1,423000
8,1936,2,1406,1454,2,6,0,0,0,0,0,230500
6,2380,2,1021,1465,2,28,1,0,1,1,0,129000
6,1679,2,1408,1679,2,10,1,0,0,0,0,193500
5,1437,2,1188,1437,1,19,1,0,1,1,0,168000
4,1180,1,700,1180,1,56,1,0,0,1,0,137500
6,1476,2,738,738,2,4,0,0,0,0,0,173500
6,1369,1,672,697,2,59,1,0,1,1,0,103600
6,1208,2,1208,1208,1,29,0,0,1,0,0,165000
6,1839,2,1477,1839,2,3,1,0,0,0,0,257500
6,1136,1,1136,1136,1,43,1,0,1,0,0,140000
6,1441,2,855,855,2,31,1,0,1,1,0,148500
4,1774,3,1095,1095,2,56,1,0,1,1,0,87000
5,792,1,768,792,1,3,0,0,0,1,0,109500
8,2046,3,2046,2046,2,1,0,1,0,0,0,372500
5,988,2,988,988,1,46,1,0,1,1,0,128500
6,923,1,923,923,2,30,1,0,1,0,0,143000
5,1520,1,793,848,1,9,1,0,1,1,0,159434
6,1291,2,1291,1291,1,11,1,0,0,1,0,173000
9,1668,3,1626,1668,2,5,0,0,0,0,0,285000
7,1839,2,1195,1195,2,12,0,0,1,0,0,221000
7,2090,2,1190,1190,2,23,0,0,0,0,0,207500
7,1761,2,874,874,3,0,0,0,0,0,0,227875
7,1102,2,551,551,2,3,0,0,0,1,0,148800
8,1419,2,1419,1419,2,0,0,0,0,0,0,392000
6,1362,2,1362,1362,2,1,0,0,0,0,0,194700
6,848,2,848,848,1,4,0,0,0,0,0,141000
10,4316,3,2444,2444,3,12,0,1,0,0,1,755000
7,2519,2,1210,1238,2,16,0,0,0,0,0,335000
5,1073,1,1073,1073,1,38,1,0,1,1,0,108480
5,1539,2,927,1067,1,59,1,0,1,1,0,141500
6,1137,2,1112,1137,2,19,1,0,0,1,0,176000
5,616,1,616,616,1,56,1,0,1,1,0,89000
5,1148,1,980,1148,1,54,1,1,1,1,0,123500
5,894,1,894,894,1,1,1,0,1,1,0,138500
7,1391,2,1391,1391,2,4,0,0,0,0,0,196000
8,1800,3,1800,1800,2,4,0,1,0,0,0,312500
7,1164,2,1164,1164,1,37,1,0,1,1,0,140000
8,2576,3,1234,1264,2,0,0,1,0,0,1,361919
5,1812,2,360,1032,2,14,1,0,0,1,0,140000
7,1484,2,1473,1484,2,5,0,0,0,0,0,213000
4,1092,0,0,372,2,60,0,0,0,1,0,55000
7,1824,2,1643,1824,2,5,1,0,0,1,0,302000
8,1324,2,1324,1324,2,3,0,0,0,0,0,254000
7,1456,2,728,728,2,0,0,0,0,0,0,179540
5,904,1,876,904,1,42,1,0,1,1,0,109900
3,729,0,270,729,1,5,0,0,1,1,0,52000
4,1178,1,859,859,1,60,1,0,1,0,0,102776
8,1228,2,1228,1228,2,19,0,0,0,0,0,189000
4,960,2,960,960,1,36,1,0,1,1,0,129000
6,1479,2,725,725,2,5,0,0,0,0,0,130500
6,1350,2,1064,1350,2,35,1,0,1,0,0,165000
7,2554,2,718,1576,1,9,1,0,1,1,0,159500
5,1178,2,1176,1178,1,8,1,0,0,1,0,157000
7,2418,3,1311,1325,2,14,0,0,0,0,0,341000
5,971,1,971,971,1,37,1,0,1,1,0,128500
8,1742,2,1742,1742,2,21,0,0,0,0,0,275000
6,848,2,848,848,1,6,0,0,0,0,0,143000
4,864,2,864,864,1,39,1,0,1,1,0,124500
4,1470,1,941,997,2,36,1,0,1,1,0,135000
9,1698,3,1698,1698,2,1,0,1,0,0,1,320000
4,864,2,864,864,1,39,1,0,0,1,0,120500
6,1680,2,880,1680,2,2,0,0,0,0,0,222000
7,1232,2,1232,1232,2,2,0,0,0,0,0,194500
5,1776,3,1584,1776,2,51,1,0,1,1,0,110000
4,1208,2,780,848,1,59,1,0,1,1,0,103000
8,1616,2,1595,1616,2,14,0,0,0,0,0,236500
7,1146,2,868,1146,2,4,0,1,0,0,0,187500
7,2031,2,1153,1153,2,9,0,0,0,0,0,222500
5,1144,1,864,1144,1,26,1,0,1,0,0,131400
5,948,1,948,948,1,39,1,0,1,1,0,108000
7,1768,2,880,880,1,36,1,0,1,1,0,163000
3,1040,2,0,1040,2,56,1,0,1,1,0,93500
8,1801,3,893,901,2,1,0,0,0,0,0,239900
5,1200,0,1200,1200,3,21,1,0,1,1,0,179000
7,1728,2,864,864,2,5,0,0,0,0,0,190000
5,1432,2,264,768,2,5,1,0,1,1,0,132000
6,912,1,912,912,1,12,1,0,0,1,0,142000
7,1349,2,1349,1349,2,6,1,0,1,1,0,179000
5,1464,2,520,1464,2,10,1,0,1,0,0,175000
8,1337,2,1337,1337,2,15,0,0,0,0,0,180000
8,2715,2,1142,1175,3,12,0,0,0,0,0,299800
7,2256,2,952,980,2,9,0,0,0,0,0,236000
7,2640,4,1240,1320,1,6,0,0,0,1,0,265979
7,1720,2,1720,1720,2,14,0,0,0,0,0,260400
4,1529,1,0,1088,2,59,1,0,1,1,0,98000
4,1140,0,576,792,1,6,1,0,1,1,0,96500
7,1320,2,660,660,2,4,0,0,0,0,0,162000
6,1494,2,1479,1494,2,9,1,0,0,0,0,217000
8,2098,3,1030,1038,2,1,0,0,0,0,1,275500
6,1026,2,1026,1026,1,4,1,0,0,0,0,156000
6,1471,2,729,742,2,10,1,0,1,1,0,172500
8,1768,2,866,866,2,2,0,0,0,0,0,212000
6,1386,2,672,672,2,32,1,0,1,0,0,158900
7,1501,2,744,757,2,9,1,0,1,1,0,179400
8,2531,3,1318,1328,2,12,0,0,0,0,0,290000
6,864,1,864,864,1,50,1,0,1,1,0,127500
5,1301,2,1145,1301,1,59,1,0,0,1,0,100000
7,1547,2,756,764,2,1,1,0,0,1,0,215200
8,2365,3,1252,1268,2,10,0,0,0,0,0,337000
8,1494,2,1494,1494,1,10,0,0,0,0,1,270000
9,1506,2,1498,1506,2,0,0,0,0,0,1,264132
7,1714,2,980,980,2,22,1,0,1,1,0,196500
6,1750,1,983,983,2,23,1,0,1,1,0,160000
7,1836,2,1860,1836,2,1,0,0,0,0,0,216837
8,3279,3,1650,1690,3,7,0,0,0,0,1,538000
5,858,2,858,858,1,27,1,0,1,1,0,134900
4,1220,2,836,1220,1,55,1,0,1,1,0,102000
6,1117,2,1029,1117,1,34,1,0,1,1,0,107000
5,912,1,912,912,1,49,1,0,1,0,0,114500
8,1973,3,1935,1973,2,1,0,0,0,0,0,395000
6,1204,2,1204,1204,2,11,1,1,1,0,0,162000
7,1614,3,1614,1614,2,0,0,0,0,0,0,221500
5,894,2,864,894,1,32,1,0,1,1,0,142500
5,2020,2,0,2020,2,30,1,0,1,1,0,144000
6,1004,2,975,1004,1,29,1,0,1,1,0,135000
7,1253,2,1237,1253,2,11,1,0,1,0,0,176000
6,1603,2,761,810,2,14,0,0,0,0,0,175900
7,1430,2,1413,1430,2,7,0,0,0,0,0,187100
5,1110,2,1097,1110,1,31,1,0,0,0,0,165500
6,1484,0,742,742,2,7,1,0,1,1,0,128000
6,1342,2,1372,1342,2,42,1,0,1,1,0,161500
5,1652,1,686,966,2,60,1,0,1,1,0,139000
7,2084,2,956,956,2,6,0,0,0,0,0,233000
4,901,1,901,901,1,8,1,0,1,1,0,107900
6,2087,2,832,976,2,0,1,0,0,0,0,187500
7,1145,2,1145,1145,2,3,0,0,0,0,0,160200
6,1062,2,1029,1062,1,31,1,0,1,0,0,146800
7,2013,2,1117,1127,2,10,0,0,1,1,0,269790
8,1496,2,1496,1496,2,0,0,0,0,0,0,225000
7,1895,2,712,1086,2,12,0,0,0,0,0,194500
6,1564,2,650,888,2,29,1,0,1,1,0,171000
6,1285,2,660,1285,1,30,1,0,1,0,0,143500
5,773,1,773,773,1,55,1,0,1,1,0,110000
9,3140,3,1926,1966,3,0,0,1,0,0,1,485000
5,1768,1,731,981,1,57,1,0,0,1,0,175000
6,1688,2,616,616,2,11,1,0,0,0,0,200000
4,1196,2,1196,1196,1,17,1,0,1,1,0,109900
7,1456,2,728,728,2,3,0,0,0,0,0,189000
9,2822,3,1734,1734,3,0,0,1,0,0,1,582933
5,1128,1,936,1128,1,52,1,0,1,1,0,118000
7,1428,2,1417,1428,2,0,0,0,0,0,1,227680
5,980,1,980,980,2,39,1,0,1,0,0,135500
5,1576,2,1324,1072,1,5,1,0,0,0,0,223500
5,1086,2,1024,1086,1,40,1,0,1,0,0,159950
5,2138,2,849,1075,2,44,1,0,1,1,0,106000
6,1309,2,1040,1309,1,7,1,0,0,0,0,181000
6,848,2,848,848,1,4,0,0,0,0,0,144500
5,1044,2,540,1044,1,58,0,0,0,1,0,55993
6,1442,1,1442,1442,1,49,1,0,1,0,0,157900
5,1250,1,686,686,1,56,1,0,0,1,0,116000
7,1661,2,1649,1661,2,12,1,0,0,0,0,224900
5,1008,1,1008,1008,1,52,1,0,1,0,0,137000
8,1689,3,1568,1689,2,6,0,0,0,0,0,271000
6,1052,2,1010,1052,1,39,1,0,1,1,0,155000
7,1358,2,1358,1358,2,0,0,0,0,0,0,224000
7,1640,2,798,798,2,5,0,0,0,0,0,183000
4,936,2,936,936,1,56,0,0,1,1,0,93000
7,1733,2,847,847,2,4,0,0,0,0,0,225000
6,1489,1,778,944,2,59,1,0,1,1,0,139500
8,1489,2,1489,1489,2,0,0,0,0,0,0,232600
10,2084,3,2078,2084,2,0,0,1,0,0,1,385000
5,784,0,784,784,1,58,1,0,0,1,0,109500
7,1434,2,1454,1434,2,8,0,0,0,0,0,189000
5,2126,2,1013,1160,2,42,1,0,1,0,0,185000
7,1223,2,600,520,2,1,0,0,0,0,0,147400
6,1392,2,1392,1392,1,51,1,0,1,0,0,166000
7,1200,2,600,520,2,1,1,0,0,0,0,151000
7,1829,2,941,941,2,7,0,0,0,0,0,237000
6,1516,2,1516,1516,1,45,1,0,1,0,0,167000
5,1144,2,1144,1144,1,47,1,0,1,1,0,139950
4,1067,2,1067,1067,2,15,1,0,0,1,0,128000
5,1559,2,1559,1559,1,34,1,0,1,1,0,153500
6,987,1,483,483,1,35,1,0,1,1,0,100000
5,1099,1,1099,1099,1,2,1,0,0,1,0,144000
5,1200,1,768,768,1,13,1,0,1,1,0,130500
6,1482,1,672,810,2,58,1,0,0,1,0,140000
5,1539,2,650,958,2,6,1,0,0,1,0,157500
6,1165,2,1127,1165,1,42,1,0,1,0,0,174900
5,1800,0,1800,1800,2,46,1,0,1,1,0,141000
5,1416,3,876,876,1,58,1,0,1,1,0,153900
5,1701,2,1390,1701,2,26,1,0,1,0,0,171000
7,1775,2,740,1006,2,16,0,0,0,1,0,213000
5,864,1,864,864,1,37,1,0,1,1,0,133500
6,2358,2,907,1307,3,11,1,0,1,1,0,240000
6,1855,2,528,1094,2,13,0,0,1,0,0,187000
6,848,2,848,848,1,4,0,0,0,0,0,131500
8,1456,2,1273,1456,2,3,0,0,0,0,0,215000
7,1646,1,918,918,2,57,1,0,1,1,0,164000
6,1445,2,1127,1445,1,45,1,0,1,0,0,158000
5,1779,2,1763,1779,1,32,1,0,1,1,0,170000
5,1040,1,1040,1040,1,0,1,0,1,1,0,127000
6,1026,2,940,1026,1,30,1,0,1,1,0,147000
6,1481,2,702,702,2,14,1,0,1,0,0,174000
7,1370,2,1090,1370,2,33,1,0,1,0,0,152000
6,2654,2,1054,1512,2,22,1,0,0,1,0,250000
7,1426,1,912,912,1,9,0,0,0,1,0,189950
5,1039,2,1039,1039,1,45,1,0,1,1,0,131500
6,1097,2,1040,1097,2,25,1,0,1,1,0,152000
5,1148,1,1148,1148,1,50,1,0,1,1,0,132500
7,1372,2,1372,1372,2,0,0,1,0,0,0,250580
5,1002,2,1002,1002,1,39,1,0,1,1,0,148500
8,1646,3,1638,1646,2,0,0,0,0,0,0,248900
4,1120,2,1040,1120,1,46,1,0,0,0,0,129000
5,2320,2,0,1547,2,56,1,0,1,1,0,169000
7,1949,2,1050,1062,2,16,0,0,0,0,0,236000
5,894,1,894,894,1,47,1,0,1,1,0,109500
6,1682,2,804,804,2,12,1,0,0,0,0,200500
5,910,2,105,910,1,12,0,0,0,1,0,116000
5,1268,1,832,1036,1,59,0,0,1,1,0,133000
5,1131,1,676,676,1,59,1,0,1,1,0,66500
8,2610,2,1184,1184,2,0,0,0,0,0,1,303477
4,1040,2,1064,1040,1,44,1,0,1,1,0,132250
9,2224,3,1462,1462,2,4,0,1,0,0,1,350000
5,1155,2,1109,1155,1,15,1,0,0,1,0,148000
5,864,1,864,864,1,4,0,0,1,1,0,136500
5,1090,2,1090,1090,1,1,1,1,1,0,0,157000
7,1717,2,1156,1187,2,16,0,0,0,0,0,187500
6,1593,2,808,808,2,16,1,0,1,0,0,178000
4,2230,1,795,954,1,56,0,0,1,1,0,118500
5,892,1,892,892,1,42,1,0,1,0,0,100000
9,1709,2,1698,1709,2,8,0,1,0,0,0,328900
5,1712,2,1626,1712,2,1,1,0,1,0,0,145000
5,1393,1,816,872,1,53,1,0,1,1,0,135500
8,2217,2,2217,2217,2,37,0,0,0,1,0,268000
6,1505,2,1505,1505,1,56,1,0,1,0,0,149500
5,924,2,672,672,1,1,1,0,1,1,0,122900
6,1683,2,918,918,2,31,1,0,1,0,0,172500
6,1068,1,1059,1068,1,3,1,0,1,0,0,154500
5,1383,1,1383,1383,1,54,1,0,1,1,0,165000
5,1535,2,0,1535,2,30,1,0,1,1,0,118858
6,1796,2,780,983,1,45,1,0,1,0,0,140000
4,951,1,951,951,1,56,1,0,1,1,0,106500
5,2240,2,0,1120,2,30,1,0,1,1,0,142953
9,2364,3,2330,2364,2,0,0,1,0,0,1,611657
5,1236,1,912,1236,1,12,1,0,1,1,0,135000
4,858,1,858,858,1,36,1,0,1,1,0,110000
5,1306,1,992,1306,1,9,1,0,1,1,0,153000
7,1509,2,783,807,2,3,0,0,0,0,0,180000
7,1670,3,1670,1670,2,0,0,0,0,0,0,240000
5,902,1,876,902,1,40,1,0,1,1,0,125500
5,1063,1,1056,1063,1,56,1,0,1,0,0,128000
8,1636,3,1623,1636,2,1,0,0,0,0,0,255000
7,2057,1,1017,1020,1,19,0,0,0,0,0,250000
5,902,2,864,902,1,23,1,0,1,1,0,131000
6,1484,2,742,742,2,4,0,0,0,0,0,174000
5,2274,2,1105,1105,2,50,1,0,1,1,0,154300
5,1268,1,1268,1268,1,20,1,0,0,1,0,143500
5,1015,1,768,1015,1,56,1,0,1,1,0,88000
5,2002,3,1001,1001,2,57,1,0,1,1,0,145000
6,1224,2,612,612,2,0,0,0,0,0,0,173733
4,1092,1,546,546,1,37,1,0,1,1,0,75000
2,480,1,480,480,0,56,1,0,1,1,0,35311
4,1229,1,1134,1229,1,53,1,0,1,0,0,135000
7,2127,3,1104,912,2,16,0,1,0,0,0,238000
6,1414,2,1184,1414,1,6,0,0,1,1,0,176500
6,1721,2,928,936,2,13,0,0,0,0,0,201000
5,2200,0,1272,1272,2,5,1,0,1,1,0,145900
6,1316,2,1316,1316,2,0,0,0,0,0,0,169990
6,1617,2,1604,1617,2,14,0,0,0,0,0,193000
6,1686,2,1686,1686,2,26,1,0,1,1,0,207500
5,1126,2,1126,1126,2,31,1,0,0,0,1,175000
8,2374,3,1181,1234,2,3,0,0,0,0,1,285000
7,1978,2,832,1098,2,40,1,0,1,0,0,176000
8,1788,2,1753,1788,2,8,0,0,0,0,1,236500
7,2236,2,964,993,2,9,1,0,0,0,0,222000
8,1466,3,1466,1466,2,2,0,0,0,0,0,201000
5,925,1,925,925,1,44,1,0,1,1,0,117500
9,1905,3,1905,1905,2,1,0,1,0,0,1,320000
7,1500,2,1500,1500,2,5,0,0,0,0,0,190000
7,2069,2,585,2069,2,1,1,0,0,0,0,242000
4,747,2,600,747,1,53,1,0,1,1,0,79900
7,1200,2,1176,1200,2,6,0,0,0,0,0,184900
7,1971,2,1113,1113,2,4,0,0,0,0,0,253000
7,1962,3,1391,1391,2,0,0,0,0,0,0,239799
7,2403,1,1032,1207,2,60,1,0,1,1,0,244400
6,1728,2,1728,1728,2,30,1,0,1,1,0,150900
7,2060,2,992,1022,2,10,0,0,0,0,0,214000
4,1440,0,1440,1440,2,30,1,0,1,1,0,150000
5,1632,2,1632,1632,2,40,1,0,1,1,0,143000
6,1344,2,819,1344,1,51,1,0,0,0,0,137500
5,1869,2,1088,1188,1,13,1,0,1,1,0,124900
5,1144,1,1144,1144,1,47,1,0,1,0,0,143000
8,1629,3,1616,1629,2,4,0,0,0,0,0,270000
7,1776,2,936,936,2,4,0,0,0,0,0,192500
6,1381,2,1161,1381,1,4,1,0,0,0,0,197500
5,864,2,864,864,1,5,1,0,0,0,0,129000
5,965,1,828,965,1,41,1,0,1,1,0,119900
5,768,1,768,768,1,6,1,0,1,0,0,133900
5,1968,2,784,1168,2,39,1,0,1,0,0,172000
6,980,0,945,980,2,31,1,0,1,1,0,127500
6,1958,2,979,979,2,57,1,0,1,1,0,145000
6,1229,2,561,561,1,29,1,0,1,0,0,124000
5,1057,2,1057,1057,1,45,1,0,1,0,0,132000
7,1337,2,1337,1337,2,4,0,0,0,0,0,185000
7,1416,2,696,696,2,11,0,0,0,1,0,155000
5,858,0,858,858,1,2,1,0,1,1,0,116500
6,2872,2,1330,1542,2,13,1,0,1,0,0,272000
6,1548,2,804,804,2,31,1,0,0,1,0,155000
9,1800,2,1800,1800,2,2,0,1,0,0,1,239000
7,1894,2,817,824,2,7,0,0,0,0,0,214900
6,1484,2,783,783,2,0,0,0,0,0,0,178900
5,1308,1,728,976,1,59,0,0,1,1,0,160000
5,1098,1,1098,1098,1,53,1,0,1,1,0,135000
3,968,0,600,600,1,59,1,0,1,1,0,37900
6,1095,1,588,1095,1,48,1,0,1,0,0,140000
4,1192,0,720,720,1,56,1,0,1,1,0,135000
7,1626,2,764,764,2,5,0,0,0,0,0,173000
6,918,1,918,918,2,31,1,0,1,1,0,99500
7,1428,2,1428,1428,2,0,0,0,0,0,0,182000
7,2019,2,728,1136,1,16,1,0,0,1,0,167500
7,1382,2,673,673,2,6,0,0,0,1,0,165000
4,869,0,440,869,1,48,1,0,0,1,0,85500
7,1241,2,1241,1241,1,0,0,0,0,0,0,199900
4,894,2,894,894,1,53,1,0,1,1,0,110000
5,1121,2,1121,1121,1,46,1,0,1,1,0,139000
7,999,2,944,999,1,1,0,0,0,0,1,178400
8,2612,3,1225,1276,2,10,0,0,0,0,0,336000
7,1266,2,1266,1266,2,1,0,0,0,0,0,159895
8,2290,2,1128,1149,2,6,0,0,0,1,0,255900
5,1734,2,0,1302,2,32,1,0,0,1,0,126000
5,1164,1,1164,1164,1,58,1,0,1,1,0,125000
6,1635,1,485,1001,1,3,1,0,0,1,0,117000
9,1940,3,1930,1940,2,0,0,1,0,0,1,395192
6,2030,2,848,1118,2,31,1,0,0,0,0,195000
7,1576,2,770,778,2,0,0,0,0,0,0,197000
8,2392,3,1396,1407,2,8,0,0,0,0,0,348000
8,1742,2,916,916,1,23,0,0,0,1,0,168000
6,1851,2,822,1020,2,14,1,0,0,0,0,187000
6,1500,2,750,750,2,0,1,0,0,0,0,173900
10,1718,3,1700,1718,2,2,0,1,0,0,1,337500
4,1230,1,747,774,1,56,1,0,1,1,0,121600
5,1050,1,1050,1050,1,45,1,0,1,1,0,136500
6,1442,2,1442,1442,2,39,1,0,1,0,0,185000
3,1077,1,1007,1077,1,56,1,0,1,1,0,91000
7,1208,2,1187,1208,2,4,0,0,0,0,0,206000
3,944,2,0,944,1,57,1,0,0,1,0,82000
5,691,1,691,691,1,57,1,0,0,1,1,86000
8,1574,3,1574,1574,2,2,0,0,0,0,0,232000
5,1680,2,1680,1680,2,31,1,0,1,1,0,136905
7,1504,2,1346,1504,2,3,0,0,0,0,0,181000
5,985,1,985,985,2,31,0,0,1,1,0,149900
6,1657,2,1657,1657,2,37,1,0,1,1,0,163500
4,1092,1,546,546,1,39,1,0,1,0,0,88000
7,1710,2,1710,1710,2,4,0,1,0,0,0,240000
5,1522,0,1008,1008,2,56,1,0,1,1,0,102000
5,1271,1,720,720,2,58,1,0,1,1,0,135000
5,1664,0,0,1664,2,45,1,0,1,1,0,100000
6,1502,1,602,900,1,11,1,0,0,1,0,165000
5,1022,1,1022,1022,1,3,1,0,1,1,0,85000
6,1082,1,1082,1082,1,57,1,0,1,1,0,119200
8,1665,2,810,810,2,8,0,0,0,0,0,227000
7,1504,2,1504,1504,2,13,0,0,0,0,0,203000
8,1360,2,1220,1360,1,25,0,0,0,0,0,187500
7,1472,2,384,802,2,15,0,0,0,0,0,160000
7,1506,2,1362,1506,2,1,0,0,0,0,0,213490
4,1132,2,1132,1132,1,3,1,0,0,0,0,176000
7,1220,2,1199,1220,2,0,0,0,0,0,0,194000
5,1248,1,912,912,1,57,1,0,1,1,0,87000
7,1504,2,1346,1504,2,2,0,0,0,0,0,191000
8,2898,2,1565,2898,2,32,0,0,0,0,0,287000
5,882,2,882,882,1,35,1,0,1,1,0,112500
5,1264,2,1268,1264,1,50,1,0,1,1,0,167500
8,1646,3,1638,1646,2,0,0,0,0,0,0,293077
5,1376,1,768,968,1,57,1,0,1,1,0,105000
6,1218,1,672,672,1,34,1,0,1,1,0,118000
5,1928,0,686,948,2,11,1,0,1,1,0,160000
7,3082,2,824,1687,2,39,1,0,1,0,0,197000
8,2520,3,1338,1352,2,13,0,0,0,0,0,310000
7,1654,3,1654,1654,2,4,0,0,0,1,0,230000
5,954,1,920,954,1,57,1,0,0,1,0,119750
4,845,1,0,845,1,52,1,0,1,1,0,84000
9,1620,3,1620,1620,2,1,0,1,0,0,1,315500
8,2263,2,1055,1055,2,6,0,0,0,0,0,287000
4,1344,0,546,798,1,1,1,0,1,1,0,97000
4,630,1,630,630,1,39,1,0,1,1,0,80000
5,1803,2,1134,1803,2,6,1,0,1,0,0,155000
6,1632,2,800,800,1,8,1,0,0,1,0,173000
6,1306,2,1306,1306,2,4,0,0,0,0,0,196000
7,2329,2,1475,1532,2,18,1,0,0,1,0,262280
8,2524,2,2524,2524,2,28,0,0,0,0,0,278000
3,1733,2,0,1733,2,54,1,0,1,1,0,139600
9,2868,3,1992,1992,3,0,0,1,0,0,1,556581
5,990,2,990,990,1,13,1,0,1,1,0,145000
5,1771,2,0,1771,1,3,1,0,1,1,0,115000
4,930,1,0,930,1,4,1,0,0,1,0,84900
7,1302,2,1302,1302,2,0,0,0,0,0,0,176485
7,1316,2,1316,1316,2,0,0,0,0,0,0,200141
6,1977,2,816,1127,1,29,1,0,1,0,0,165000
5,1526,1,1216,1526,1,8,1,0,1,1,0,144500
8,1989,2,1065,1091,2,4,0,0,0,0,0,255000
6,1523,2,1193,1523,2,32,1,0,1,0,0,180000
7,1364,2,1364,1364,2,1,0,0,0,0,0,185850
7,1850,2,973,979,2,15,0,0,0,0,0,248000
9,2184,3,1104,1130,2,1,0,1,0,0,1,335000
6,1991,2,854,1096,1,57,1,0,1,1,0,220000
8,1338,2,1338,1338,2,9,0,0,0,0,0,213500
3,894,3,894,894,1,58,0,0,1,0,0,81000
5,2337,2,662,1422,2,57,1,0,1,1,0,90000
6,1103,2,1103,1103,1,26,1,0,0,1,0,110500
5,1154,2,1154,1154,1,43,1,0,1,0,0,154000
7,2260,2,1306,1306,2,13,0,1,0,0,0,328000
6,1571,2,799,799,2,15,0,0,1,0,0,178000
6,1611,2,780,798,1,44,1,0,1,0,0,167900
6,2521,2,942,1291,2,33,1,0,1,0,0,151400
5,893,2,845,893,1,4,1,0,0,1,0,135000
5,1048,1,1048,1048,1,51,1,0,1,1,0,135000
6,1556,2,727,829,1,41,1,0,1,1,0,154000
5,1456,1,810,1002,1,56,1,0,1,1,0,91500
6,1426,2,690,698,1,32,1,0,1,0,0,159500
7,1240,3,1240,1240,2,1,0,0,0,0,0,194000
7,1740,1,800,960,1,23,1,0,1,1,0,219500
5,1466,2,796,1096,2,17,1,0,0,1,0,170000
5,1096,1,1096,1096,1,37,1,0,1,0,0,138800
6,848,2,848,848,1,2,0,0,0,0,0,155900
5,990,1,990,990,1,13,1,0,1,1,0,126000
6,1258,2,1258,1258,2,4,0,0,0,0,0,145000
5,1040,1,1040,1040,1,47,1,0,1,0,0,133000
7,1459,2,1459,1459,2,5,0,0,0,0,0,192000
6,1251,1,1251,1251,1,42,1,0,1,0,0,160000
6,1498,2,691,691,2,10,1,0,1,0,0,187500
6,996,2,936,996,1,18,1,0,0,1,0,147000
4,1092,1,546,546,1,37,1,0,1,0,0,83500
8,1953,3,1082,1082,2,3,0,0,0,0,0,252000
7,1709,2,970,970,2,2,0,0,0,1,0,137500
8,1247,2,1247,1247,1,1,0,0,0,0,0,197000
3,1040,2,0,1040,2,59,1,0,1,1,0,92900
7,1252,2,600,624,2,8,0,0,0,1,0,160000
6,1694,2,1181,1390,2,58,1,0,1,1,0,136500
5,1200,2,864,1200,1,8,1,0,0,1,0,146000
5,936,1,936,936,1,10,1,0,1,0,0,129000
6,1314,2,1314,1314,2,1,0,0,0,0,0,176432
6,1355,0,684,773,1,1,1,0,0,1,0,127000
8,1088,2,1074,1088,1,21,0,0,0,0,0,170000
4,1324,1,672,757,1,59,1,0,1,1,0,128000
7,1601,2,1271,1601,2,31,1,0,1,0,0,157000
2,438,1,290,438,1,59,1,0,0,1,0,60000
5,950,1,950,950,1,36,1,0,1,1,0,119500
5,1134,1,1010,1134,1,5,1,0,1,0,0,135000
6,1194,2,655,1194,1,47,1,0,1,0,0,159500
5,1302,2,630,630,2,37,1,0,1,1,0,106000
8,2622,2,1463,1500,2,15,0,1,0,0,0,325000
7,1442,2,910,1442,2,16,0,0,0,0,0,179900
7,2021,2,868,887,2,0,0,1,0,0,0,274725
6,1690,2,924,948,2,7,1,0,1,0,0,181000
8,1836,3,1836,1836,2,4,0,1,0,0,0,280000
6,1658,2,773,773,2,12,1,0,1,0,0,188000
7,1964,2,803,1098,2,32,1,0,1,0,0,205000
5,816,1,816,816,1,49,1,0,1,1,0,129900
5,1008,1,1008,1008,1,1,1,0,0,1,0,134500
5,833,1,833,833,1,6,1,0,0,1,0,117000
8,1734,3,1734,1734,2,0,0,1,0,0,1,318000
8,1419,2,408,779,2,7,0,0,0,0,0,184100
5,894,2,894,894,1,5,1,0,0,0,0,130000
5,1601,1,533,1021,1,21,1,0,1,0,0,140000
5,1040,1,1040,1040,1,47,1,0,1,0,0,133700
6,1012,1,1012,1012,1,57,1,0,1,1,0,118400
7,1552,3,1552,1552,2,0,0,0,0,0,0,212900
4,960,1,672,960,1,53,1,0,1,1,0,112000
5,698,0,698,698,1,1,1,0,1,1,0,118000
7,1482,2,384,812,2,15,1,0,0,0,0,163900
4,1005,2,1005,1005,1,54,1,0,0,1,0,115000
7,1555,3,1373,1555,2,2,0,0,0,0,0,174000
7,1530,3,1530,1530,2,3,0,0,0,0,0,259000
7,1959,2,847,847,2,2,0,0,0,0,0,215000
5,936,2,936,936,1,27,1,0,1,1,0,140000
4,1981,2,1122,1328,2,59,1,0,0,1,0,135000
5,974,0,974,974,1,15,1,0,1,1,0,93500
6,2210,1,1008,1178,2,57,1,0,0,1,0,117500
8,2020,2,1128,1142,2,14,0,0,0,0,0,239500
6,1600,2,916,916,2,10,1,0,1,0,0,169000
6,986,1,960,986,1,57,1,0,1,1,0,102000
6,1252,1,1032,1032,1,58,1,0,1,1,0,119000
5,1020,0,780,780,1,14,1,0,1,1,0,94000
6,1567,2,1567,1567,2,32,1,0,0,0,0,196000
5,1167,2,915,1167,1,57,1,0,1,1,0,144000
5,952,2,952,952,1,57,1,0,1,1,0,139000
5,1868,2,780,1088,2,33,1,0,0,1,0,197500
8,2828,3,1466,1466,3,0,0,1,0,0,0,424870
5,1006,0,1006,1006,1,49,1,0,1,1,0,80000
4,924,1,672,672,1,60,1,0,0,1,0,80000
5,1576,1,1042,1042,1,56,1,0,1,1,0,149000
6,1298,2,1298,1298,2,21,0,0,0,1,0,180000
7,1564,1,704,860,1,59,1,0,0,1,0,174500
7,1111,1,572,572,1,58,1,0,1,1,0,116900
7,1482,2,650,832,1,21,1,0,1,1,0,143000
6,932,1,932,932,1,57,1,0,0,1,0,124000
5,1466,2,1466,1466,1,47,1,0,0,0,0,149900
6,1811,2,1073,1811,1,2,1,0,0,0,1,230000
6,816,1,816,816,1,1,0,0,1,1,0,120500
7,1820,2,864,902,1,20,1,0,0,1,0,201800
5,1437,2,1437,1437,2,3,0,0,0,0,0,218000
5,1265,2,1219,1265,2,9,1,0,0,0,0,179900
7,1314,2,1314,1314,2,1,0,0,0,0,0,230000
8,1580,3,1580,1580,2,0,0,0,0,0,0,235128
6,1876,2,901,943,2,34,0,0,0,0,0,185000
6,1456,2,855,855,2,32,1,0,1,1,0,146000
6,1640,2,1296,1640,1,2,0,0,0,1,0,224000
5,894,2,894,894,1,39,1,0,1,0,0,129000
4,1258,2,1198,1258,0,39,1,0,1,1,0,108959
5,1432,2,1360,1432,1,29,1,0,0,1,0,194000
7,1502,2,1502,1502,2,0,0,0,0,0,0,233170
8,1694,3,1694,1694,2,2,0,0,0,0,0,245350
6,1671,2,959,959,2,6,1,0,1,0,0,173000
6,2108,2,1127,1236,2,22,1,0,0,1,0,235000
10,3627,3,1930,1831,3,10,0,1,0,0,0,625000
6,1118,1,1096,1118,1,31,1,0,1,0,0,171000
6,1261,2,1261,1261,1,50,1,0,1,0,0,163000
7,1250,2,625,625,2,1,0,0,0,0,0,171900
5,3086,0,1598,1636,3,13,1,0,0,1,1,200500
6,2345,2,952,1170,2,56,1,0,1,1,0,239000
8,2872,2,1683,2129,2,7,0,0,0,0,0,285000
5,923,1,876,923,1,23,1,0,1,1,0,119500
6,1224,1,818,818,1,5,1,0,1,1,0,115000
5,1343,1,731,820,1,59,1,0,1,1,0,154900
5,1124,0,0,1124,1,52,1,0,1,1,0,93000
7,2514,2,1216,1298,2,15,1,0,1,0,0,250000
8,1652,2,1600,1652,2,0,0,1,0,0,0,392500
10,4476,3,2396,2411,3,11,0,1,0,0,1,745000
5,1130,2,1120,1130,1,56,1,0,1,1,0,120000
5,1572,3,1572,1572,1,44,1,0,1,0,0,186700
5,1221,1,784,949,1,56,1,0,1,1,0,104900
3,1699,2,978,1014,2,39,1,0,1,1,0,95000
8,1624,3,1624,1624,2,11,0,0,0,0,0,262000
7,1660,2,831,831,2,7,0,0,0,0,0,195000
7,1804,2,994,1028,2,11,1,0,0,0,0,189000
4,1622,4,1249,1622,1,32,1,0,1,0,0,168000
8,1441,2,776,764,2,7,0,0,0,1,0,174000
5,1472,1,702,842,1,13,1,0,0,1,0,125000
6,1224,2,1224,1224,2,10,1,1,1,0,0,165000
6,1352,1,663,663,1,41,1,0,1,0,0,158000
6,1456,2,728,728,2,3,1,0,0,0,0,176000
7,1863,3,879,879,2,0,0,0,0,0,0,219210
7,1690,1,815,815,1,56,1,0,1,1,0,144000
7,1212,2,1212,1212,2,8,0,0,0,0,0,178000
4,1382,2,1051,1382,1,27,1,0,1,1,0,148000
4,864,1,864,864,1,36,1,0,1,1,0,116050
7,1779,2,866,866,2,11,1,0,0,0,0,197900
5,1348,1,884,884,1,12,1,0,1,1,0,117000
7,1630,2,1630,1630,2,8,0,0,0,1,0,213000
5,1074,2,1056,1074,1,31,1,0,1,0,0,153500
7,2196,3,2158,2196,2,18,0,0,0,0,0,271900
4,1056,1,1056,1056,1,40,1,0,1,1,0,107000
6,1700,2,1682,1700,2,3,0,0,0,0,0,200000
5,1283,2,931,1283,1,28,1,0,1,1,0,140000
8,1660,2,1660,1660,2,0,0,1,0,0,0,290000
6,1845,2,1055,1055,2,18,0,0,0,0,0,189000
8,1752,2,559,1080,2,5,0,0,1,0,0,164000
4,672,1,672,672,1,59,1,0,1,1,0,113000
4,960,1,648,960,0,5,1,0,1,1,0,145000
5,999,1,925,999,1,44,1,0,1,1,0,134500
5,894,1,894,894,1,41,1,0,1,0,0,125000
6,1902,2,0,1318,2,32,1,0,1,1,0,112000
8,1314,2,1300,1314,2,0,0,0,0,0,0,229456
4,912,0,0,672,1,56,1,0,1,1,0,80500
6,1218,0,672,672,1,35,1,0,1,1,0,91500
5,912,1,912,912,1,42,1,0,1,1,0,115000
5,1211,1,952,1211,1,40,1,0,1,1,0,134000
6,1846,1,1040,1168,2,57,1,0,1,1,0,143000
5,2136,2,2136,2136,2,55,1,0,1,1,0,137900
7,1490,2,788,788,2,3,0,0,0,0,0,184000
6,1138,1,588,1138,1,49,1,0,1,0,0,145000
6,1933,3,894,894,2,1,0,0,0,0,0,214000
5,912,2,912,912,1,0,1,0,0,1,0,147000
9,1702,3,1702,1702,1,0,0,1,0,0,1,367294
5,1507,1,1075,1507,2,48,1,0,1,1,0,127000
5,2620,2,1361,1361,2,30,1,0,1,0,0,190000
5,1190,2,1106,1190,1,44,1,0,1,1,0,132500
4,1224,2,0,1224,2,45,1,0,1,1,0,101800
5,1188,2,1188,1188,1,51,1,0,1,0,0,142000
5,1964,0,940,1024,1,58,1,0,1,1,0,130000
5,1784,1,747,892,1,56,1,0,1,1,0,138887
7,1626,2,764,764,2,7,0,0,0,0,0,175500
7,1948,2,847,847,2,1,0,0,0,0,0,195000
6,1141,2,1141,1141,1,1,0,0,1,1,0,142500
8,1484,2,1476,1484,2,1,0,0,0,0,1,265900
7,1768,2,884,884,2,5,0,0,0,0,0,224900
7,1689,3,1689,1689,2,0,0,0,0,0,0,248328
7,1173,2,1053,1173,2,36,1,0,0,0,0,170000
10,2076,3,2076,2076,2,0,0,1,0,0,1,465000
8,1517,2,792,792,1,56,1,0,0,1,0,230000
6,1868,2,585,1140,3,4,1,0,1,0,0,178000
7,1553,2,756,756,2,0,0,0,0,0,0,186500
6,1034,3,1012,1034,1,34,1,0,1,1,0,169900
6,2058,2,735,1134,1,58,1,0,1,1,0,129500
5,988,1,876,988,1,57,1,0,1,1,0,119000
7,2110,2,2110,2110,2,42,0,0,0,0,1,244000
7,1405,2,1405,1405,2,3,0,0,0,0,0,171750
5,874,1,864,874,1,41,1,0,1,0,0,130000
7,2167,2,1192,1516,2,4,0,0,0,0,0,294000
7,1656,2,746,760,2,4,0,0,0,0,0,165400
6,1367,1,884,959,1,57,1,0,1,1,0,127500
8,1987,2,1986,1987,2,14,0,0,0,0,0,301500
5,864,0,864,864,1,59,1,0,1,1,0,99900
7,1166,2,856,1166,2,3,0,0,0,0,0,190000
6,1054,2,1054,1054,1,39,1,0,1,1,0,151000
6,1675,2,841,892,2,10,1,0,1,0,0,181000
5,1050,1,1050,1050,1,53,1,0,1,1,0,128900
4,1788,1,1104,1104,1,20,1,0,1,1,0,161500
6,1824,2,764,1060,1,57,1,0,1,1,0,180500
6,1337,2,1405,1337,2,9,0,0,0,0,0,181000
7,1452,2,691,713,2,7,0,0,0,1,0,183900
7,1889,1,925,964,1,57,0,0,1,1,0,122000
9,2018,3,2002,2018,2,1,0,1,0,0,1,378500
8,3447,3,728,1968,3,11,1,0,0,1,0,381000
5,1524,1,874,874,1,49,1,0,1,1,0,144000
7,1524,2,1332,1332,0,31,0,0,0,0,0,260000
6,1489,2,1489,1489,2,41,1,0,0,0,0,185750
5,935,1,935,935,1,41,1,0,1,1,0,137000
6,1357,1,1019,1357,1,2,1,0,0,0,1,177000
5,1250,2,661,661,2,4,1,0,1,1,0,139000
5,1920,2,928,928,2,57,1,0,1,1,0,137000
6,1395,2,723,735,1,37,1,0,1,1,0,162000
6,1724,2,1680,1724,1,33,1,0,1,0,0,197900
8,2031,2,1128,1128,2,6,0,0,0,0,0,237000
4,1128,2,698,698,1,60,1,0,1,0,0,68400
7,1573,2,1573,1573,2,7,0,0,0,0,0,227000
7,1339,2,1309,1339,2,16,1,0,1,0,0,180000
5,1040,2,1040,1040,2,1,1,0,0,1,0,150500
6,1824,0,912,912,2,39,1,0,1,1,0,139000
6,2447,1,804,1699,2,20,1,0,0,1,0,169000
6,1412,1,780,825,1,59,1,0,1,1,0,132500
6,1328,2,1328,1328,1,47,1,0,1,1,0,143000
5,1582,2,1624,1582,2,42,1,0,1,1,0,190000
8,1659,2,1501,1659,2,9,0,0,0,0,1,278000
8,1970,3,1085,1120,2,0,0,0,0,0,1,281000
5,1152,2,1152,1152,1,46,1,0,1,0,0,180500
5,1302,1,630,630,2,37,1,0,1,1,0,119500
5,2372,1,994,1378,2,44,1,0,1,0,0,107500
7,1664,2,832,832,2,30,1,0,1,0,0,162900
5,864,2,864,864,1,16,1,0,1,1,0,115000
5,1052,1,1052,1052,1,38,1,0,1,0,0,138500
5,1128,2,1120,1128,2,45,1,0,1,0,0,155000
6,1072,2,547,1072,2,0,1,0,1,0,0,140000
10,5642,2,6110,4692,2,0,0,1,0,0,1,160000
5,1246,1,1246,1246,1,16,1,0,0,0,0,154000
7,1983,2,978,1005,2,10,0,0,0,0,0,225000
6,1494,1,771,753,1,59,1,0,0,1,0,177500
8,2526,3,1165,1203,2,12,0,0,0,0,0,290000
7,1616,3,1616,1616,2,1,0,0,0,0,0,232000
7,1708,2,976,976,2,2,0,0,0,1,0,130000
9,1652,2,1652,1652,2,2,0,1,0,0,1,325000
7,1368,2,1368,1368,2,0,0,0,0,0,0,202500
5,990,2,990,990,1,14,1,0,1,1,0,138000
5,1122,2,924,1122,1,3,1,0,0,1,0,147000
6,1294,2,1278,1294,2,17,1,0,0,0,0,179200
7,1902,2,1902,1902,2,8,0,0,0,0,1,335000
7,1274,2,1274,1274,2,0,0,0,0,0,0,203000
8,2810,2,1453,1453,2,17,0,1,0,0,0,302000
9,2599,3,1393,1422,2,11,0,0,0,0,0,333168
4,948,1,948,948,1,53,1,0,1,1,0,119000
6,2112,2,952,1092,2,39,1,0,1,1,0,206900
8,1630,3,1622,1630,2,1,0,1,0,0,1,295493
7,1352,2,1352,1352,2,0,0,1,0,0,0,208900
8,1787,3,1753,1787,2,4,0,0,0,0,0,275000
4,948,1,864,948,1,53,1,0,1,1,0,111000
6,1478,2,1478,1478,1,52,1,0,1,0,0,156500
3,720,1,0,720,1,58,1,0,1,1,0,72500
7,1923,2,750,1061,2,18,0,0,0,0,0,190000
4,708,0,420,708,1,59,0,0,0,1,0,82500
8,1795,3,1795,1795,2,0,0,1,0,0,0,147000
4,796,0,796,796,1,58,1,0,1,1,0,55000
3,774,0,544,774,1,1,1,0,0,1,0,79000
5,816,1,816,816,1,0,0,0,0,1,0,130500
6,2792,2,1510,1584,2,58,0,0,1,1,0,256000
7,1632,2,935,955,2,8,1,0,1,0,0,176500
8,1588,3,1588,1588,2,1,0,0,0,0,0,227000
5,954,2,911,954,1,30,1,0,1,1,0,132500
4,816,1,816,816,1,51,1,0,1,1,0,100000
5,1360,1,803,803,1,11,1,0,0,1,0,125500
5,1365,2,765,765,1,39,1,0,1,1,0,125000
6,1334,2,1350,1334,2,32,1,0,1,0,0,167900
5,1656,2,1656,1656,2,35,1,0,1,1,0,135000
4,693,0,693,693,1,56,1,0,0,1,0,52500
7,1861,2,916,920,2,4,0,0,0,0,0,200000
5,864,1,864,864,1,34,1,0,1,0,0,128500
4,872,4,858,872,1,36,1,0,1,1,0,123000
6,1114,2,1114,1114,1,4,1,0,0,1,0,155000
8,2169,2,1284,1284,2,5,0,0,0,0,0,228500
6,1913,2,896,1172,1,59,1,0,1,1,0,177000
7,1456,2,728,728,2,1,0,0,0,0,0,155835
4,960,1,960,960,1,57,1,0,0,1,0,108500
7,2156,2,1568,2156,2,3,1,0,1,0,0,262500
8,1776,3,1732,1776,2,0,0,1,0,0,0,283463
7,1494,2,1482,1494,2,9,0,0,0,0,0,215000
8,2358,0,684,938,2,21,1,0,1,1,0,122000
5,2634,4,1248,1338,2,40,1,0,1,1,0,200000
6,1716,2,858,858,1,46,1,0,1,0,0,171000
6,1176,2,698,786,1,9,0,0,1,1,0,134900
8,3238,3,2033,2053,2,14,0,0,0,0,0,410000
7,1865,3,992,992,2,8,0,0,0,0,0,235000
7,1920,2,570,1222,3,14,1,0,0,0,0,170000
5,892,1,864,892,1,42,1,0,1,0,0,110000
5,1078,2,1078,1078,1,2,1,0,1,0,0,149900
6,1573,2,756,769,2,10,0,0,0,1,0,177500
9,1980,3,1980,1980,2,1,0,1,0,0,1,315000
5,2601,2,612,990,3,10,1,0,1,0,0,189000
7,1530,2,1530,1530,2,4,0,1,0,0,0,260000
4,1738,1,715,1281,2,2,1,0,1,1,0,104900
6,1412,2,616,616,2,0,1,0,0,0,0,156932
7,1200,2,600,520,2,1,0,0,0,0,0,144152
7,1674,2,814,814,2,10,0,0,0,0,0,216000
7,1790,2,873,882,2,9,0,0,0,0,0,193000
5,1475,1,757,925,2,29,1,0,1,0,0,127000
6,848,2,848,848,1,5,0,0,0,0,0,144000
8,1668,2,1657,1668,2,7,0,0,0,0,0,232000
4,1374,1,840,840,1,59,0,0,1,0,0,105000
6,1661,1,992,1661,1,12,1,0,0,0,0,165500
7,2097,2,1108,1108,2,8,1,0,0,0,0,274300
10,2633,3,2633,2633,2,5,0,1,0,0,1,466500
7,1958,3,1026,1026,2,3,0,0,0,0,0,250000
8,1571,3,1571,1571,2,0,0,0,0,0,0,239000
6,790,1,768,790,1,58,1,0,1,1,0,91000
5,1604,2,984,984,2,49,1,0,1,1,0,117000
6,987,1,483,483,1,33,1,0,1,1,0,83000
5,1394,2,384,754,2,1,1,0,0,0,0,167500
3,864,1,864,864,1,60,1,0,1,1,0,58500
6,2117,2,1205,2117,2,38,1,0,1,0,0,237500
7,1762,2,596,998,1,56,1,0,0,1,0,157000
5,1416,2,816,1416,2,0,1,0,0,1,0,112000
6,1258,1,560,698,1,59,1,0,1,1,0,105000
4,1154,1,796,796,1,3,1,0,0,1,0,125500
7,2784,2,1392,1392,3,28,1,0,0,0,0,250000
6,2526,1,714,1664,2,57,1,0,0,1,0,136000
9,1746,3,1746,1746,2,2,0,1,0,0,1,377500
6,1218,2,735,869,1,57,1,0,1,1,0,131000
7,1525,2,1525,1525,2,6,0,0,0,0,0,235000
5,1584,3,1584,1584,2,42,1,0,1,1,0,124000
5,900,1,864,900,1,39,1,0,1,0,0,123000
6,1912,2,482,1221,2,8,1,0,1,1,0,163000
7,1500,3,1356,1500,2,0,0,0,0,0,0,246578
8,2482,3,1094,1133,2,1,0,0,0,0,0,281213
5,1687,2,747,1687,1,60,1,0,1,1,0,160000
5,1513,1,939,939,1,3,1,0,1,1,0,137500
5,1904,1,1208,1136,1,27,1,0,1,1,0,138000
6,1608,1,976,1160,2,19,1,0,0,1,0,137450
6,1158,1,862,950,1,58,1,0,1,0,0,120000
6,1593,2,839,864,2,4,1,0,1,0,0,193000
7,1294,2,1286,1294,2,0,0,0,0,0,0,193879
8,1464,3,1485,1464,2,0,0,0,0,1,0,282922
3,1214,3,672,694,1,56,1,0,1,1,0,105000
8,1646,2,1594,1646,2,3,0,1,0,0,0,275000
5,768,2,768,768,1,2,1,0,1,1,0,133000
5,833,0,833,833,1,24,1,0,1,1,0,112000
4,1363,2,622,741,1,60,1,0,1,1,0,125500
7,2093,2,791,1236,2,17,1,0,1,0,0,215000
7,1840,2,944,944,2,8,0,0,0,0,0,230000
6,1668,1,856,1112,1,4,1,0,1,1,0,140000
4,1040,2,0,1040,2,59,1,0,1,1,0,90000
8,1844,2,1844,1844,2,3,0,0,0,0,0,257000
6,1848,2,833,1053,1,8,1,0,0,1,0,207000
7,1569,3,1386,1569,2,2,0,0,0,0,0,175900
4,2290,2,777,1246,2,60,1,0,1,1,0,122500
8,2450,3,1284,1310,2,11,0,0,0,0,0,340000
5,1144,1,1144,1144,1,45,1,0,1,1,0,124000
6,1844,2,1844,1844,2,37,0,0,0,0,0,223000
6,1416,2,708,708,2,38,1,0,1,0,0,179900
6,1069,2,1069,1069,2,33,1,0,1,0,0,127500
6,848,2,848,848,1,5,0,0,0,0,0,136500
6,2201,2,697,1575,2,40,0,0,0,1,0,274970
5,1344,1,1024,1344,1,24,1,0,1,1,0,144000
6,1252,2,1252,1252,1,49,0,0,0,1,0,142000
7,2127,2,1223,1223,2,14,0,0,0,0,0,271000
5,1558,1,913,1048,1,58,1,0,1,1,0,140000
5,804,1,788,804,1,18,1,0,0,1,0,119000
6,1440,2,1440,1440,2,26,0,0,0,0,0,182900
5,1838,2,732,734,2,1,0,0,1,0,0,192140
6,958,2,958,958,2,33,1,0,1,0,0,143750
4,968,1,656,968,2,0,1,0,1,1,0,64500
6,1792,2,936,962,2,8,1,0,1,0,0,186500
5,1126,2,1126,1126,2,29,1,0,1,0,0,160000
6,1537,2,1319,1537,1,3,0,0,0,0,0,174000
4,864,2,864,864,1,36,1,0,1,1,0,120500
8,1932,3,1932,1932,2,0,0,1,0,0,1,394617
6,1236,2,912,1236,1,14,1,0,1,1,0,149700
7,1725,2,539,1040,2,28,1,0,1,0,0,197000
6,2555,2,588,1423,2,14,1,1,1,0,0,191000
6,848,2,848,848,1,4,0,0,0,0,0,149300
10,2007,3,1017,1026,2,1,0,1,0,0,1,310000
6,952,1,952,952,1,59,1,0,0,1,0,121000
7,1422,2,1422,1422,2,3,0,0,0,0,0,179600
6,913,1,814,913,1,41,1,0,1,1,0,129000
5,1188,1,1188,1188,1,48,1,0,1,1,0,157900
8,2090,2,1220,1220,2,11,0,0,0,0,0,240000
4,1346,1,560,796,1,7,1,0,1,1,0,112000
5,630,0,630,630,1,36,1,0,0,1,1,92000
5,1792,0,896,896,2,35,1,0,1,1,0,136000
8,1578,3,1573,1578,2,0,0,0,0,0,1,287090
5,1072,2,547,1072,1,1,1,0,1,0,0,145000
5,1140,0,1140,1140,1,0,1,0,1,1,0,84500
7,1221,2,1221,1221,2,4,0,0,0,0,0,185000
6,1647,2,953,953,2,7,1,0,1,0,0,175000
6,2073,2,1542,2073,2,22,1,0,1,1,0,210000
7,2340,1,1152,1188,2,4,0,0,0,0,0,266500
5,1078,1,1078,1078,1,14,1,0,0,1,0,142125
5,1256,1,1256,1256,1,43,0,0,1,0,0,147500
